index,comment_id,comment_text,sentiment,category,response_text,response_type
1,66cccd83000000000a01768c,无法停止回想复盘➕悔不当初，太痛苦了,消极,未分类,,
2,66cc5fc50000000020025a1b,没人告诉过我为了考个研究生我要如此痛苦 人为什么要考试 查到成绩之后疯狂安慰自己人生不会完蛋的 但还是爆哭到头疼 可是我连哭的时间都没有 一边哭一边学 考不上研究生人生会玩蛋吗,消极,未分类,,
3,66cd8dad0000000016011391,巨大的灾难 超出了我的承受范围 我感觉我不行了,消极,未分类,,
4,66cf13ee0000000020026935,人所有的痛苦都来源于不接纳，这件事不应该这样，应该是如我所愿那样子的，当你不接纳就是在对抗，你越对抗，令你痛苦的这件事带给你的感觉就会越痛苦，只有接受事实，然后它就有会转机。,消极,未分类,,
5,66cc5a5c0000000020021ce0,真的很痛苦，这两年是我人生中最灰暗的时候，很多次活不下去，一直活在过去，担心未来，每天胡思乱想，现在我的心已经千疮百孔！我在想我上辈子是不是犯了很大的错，这样惩罚我，,消极,未分类,,
6,67b52883000000001c008cf2,特别痛苦，如果不做脂肪填充，我的脸起码还能看，打扮一下做个发型还是可以的，现在直接成了个大饼脸，而且脂肪怎么都消不掉，没有任何办法了，真的特别痛苦,消极,未分类,,
7,6788b6be000000002103d83b,所有的状态都是当下最好的选择。有需要帮助可以来找我，公益心理疏导。,消极,未分类,,
8,67bf6bce0000000019001da2,3点多被自己的后悔弄醒，为什么自己两次都失败，老天爷就是不想让我成功一次，这次是最接近的，最好的一次，却因为我自己身体上的问题，面试资格都没有，两次，在同一个问题跌倒，真的很痛苦，想快点走出去，不知道怎么调节自己，看家里人上火我也很难过，我的人生从结婚之后就没有好的运气......,消极,未分类,,
9,67825c1b0000000022009393,最近真的很难过我的一颗大牙被医生过度治疗根管了。只要想起来就会很痛苦，因为感觉不对劲但是还是相信他的话，现在解决起来也很麻烦，最近只要想到就很痛苦，干什么都提不起劲。不知道以后会怎么样，能不能解决好。也不知道怎么让自己心情好起来[哭惹R],消极,未分类,,
10,675b248a000000000e00f24c,好难过 一个月来 每天都会懊悔  悔不当初 [叹气R]真的好痛苦,未标注,未分类,,
11,67db9879000000001500182f,那是疼痛难忍呢怎么出去[笑哭R],未标注,未分类,,
12,67d6983700000000170320fc,不知道为什么总是在内耗，真的特别痛苦，总是想已经过去了的事，希望我能一觉醒来变好了，也希望每个人都能这样[拥抱R][拥抱R],未标注,未分类,,
13,67d48607000000000f03063c,好多痛苦啊，最近半夜老是惊醒然后被痛苦回忆压的喘不过气，哎，没事的。,未标注,未分类,,
14,67d1e6500000000017030374,找不到工作 看不到希望,未标注,未分类,,
15,67d178ec000000001801461f,要疯了尿失禁没钱治没钱吃早饭,未标注,未分类,,
16,67cfbd7b00000000150058d7,原来有这么多人都在痛苦中 默默承受着无人诉说的痛苦😣希望都快好起来,未标注,未分类,,
17,67cb91f6000000001802ff75,太痛苦了，因为我的失误，我心爱的狗狗离开了这个世界，我想死，可是我还有孩子，痛不欲生，睡不着吃不下，又不想影响孩子，怎样才能为了孩子振作起来重新开始？,未标注,未分类,,
18,67c9f4e30000000018014ebb,我太痛苦了，可我无人诉说,未标注,未分类,,
19,67c753ec000000001801eaf4,我从21年后至今，就感觉我做什么事都有磕绊，工作上即便努力也拿不到结果反而还有很多麻烦，一直想要孩子也要不出来，经历2次，怀孕，保胎，胎停，流产，特么流产还流不静，还有后遗症月经都不正常来，就看别人都很顺利的那种，就我各种不行，各种难，哎，真的，现在有点小事，不顺利，都会联想到这几年的不顺，好像有一双无形大手压着我不让我起来，我只要想的事情没有一件有好结果的！,未标注,未分类,,
20,67c31db10000000016032249,难受，刚刚发现被当作工具人了，你诉苦的时候我绞尽脑汁回复你，为什么我有需要的时候就敷衍了事[哭惹R],未标注,未分类,,
21,67c29045000000001c00a15d,我不想活了。怎么办。每一天每一分钟都无比痛苦,未标注,未分类,,
22,67c1e56d00000000190167f4,不知道为什么难过和痛苦怎么办，晚不熬到34点都睡不着，老是晚上哭是怎么回事，一天就只想睡觉，对什么都提不起兴趣，感觉对什么都淡淡的，情感漠视，做事情也十分拖延,未标注,未分类,,
23,67bf2e08000000001c00cf85,总感到自己很倒霉运气差，心里有一点不顺心的就很烦躁,未标注,未分类,,
24,67baec3700000000190167f9,很痛苦，真正体会了那种痛苦到仿佛被关在密闭无氧空间中呼吸不上来快要窒息的感觉，也感觉到心从抽搐和疼痛到快要停止跳动致使全身无力瘫软的感觉，同时也感觉到周围嗡嗡声不断致使脑子感觉很杂乱无章，完全不记得上一秒自己做过什么，说过什么，周围人在说话什么也听不清楚。但当这种痛苦慢慢开始有所消退，感觉脑子一片空白，心脏也一片空白，浑身极度无力的瘫软在床上，再也无法思考和感受到任何情绪。 闭上眼，感觉好像已经死了，分不清是醒着还是梦，还是一种什么样的状态。很长一段时间，我一度觉得自己思维混乱，时空混乱，就像是一个精神病，与人为所谓的正常相比，自己如此不正常……,未标注,未分类,,
25,67b9d231000000001c00acd5,我就是恨这个世界，我像螺丝一样 突然感觉这个世界好恶心 我恨我天生不是有钱人,未标注,未分类,,
26,67b72b83000000001c00a02e,谢谢你,未标注,未分类,,
27,67b52f8f00000000190104be,感觉被陷在了泥潭里，挣不出来，灭顶的窒息感，好想一睡不醒[哭惹R][哭惹R][哭惹R],未标注,未分类,,
28,67b43f59000000001c00a1b0,这十年都很痛苦，快乐的很少，最近遭遇人生中最灰暗的事情，每天都哭，一边崩溃一边自愈，挣扎向前,未标注,未分类,,
29,67b406c00000000016013465,心如止水的思考要去哪个清净的地方挥手告别,未标注,未分类,,
30,67b399350000000016037cd8,睡觉的时候怎么破呢？,未标注,未分类,,
31,67b21b1c000000001c008384,我也是好痛苦,未标注,未分类,,
32,67b200ab000000001c00b321,坚持不住了…,未标注,未分类,,
33,67b1b5460000000019005915,如果一开始就是注定失去，那为什么要获得呢,未标注,未分类,,
34,67b1b525000000001803c5fe,我真的好痛苦，痛得快坚持不下去了。,未标注,未分类,,
35,67b1810d000000001b039dec,走出门，活下去,未标注,未分类,,
36,67b0b065000000001b03ae21,可是在夜晚怎么办，辗转反侧，控制不住[哭惹R][哭惹R][哭惹R],未标注,未分类,,
37,67afc622000000001c006936,我最近才算了八字，是我第一次算。感觉真的好准，我当时啥都没说，然后把我和男朋友的性格都分析准了 情况说准了 还算出来了他父母不喜欢我，然后说我的正缘的样貌 正缘的相貌和我男朋友一模一样 说男朋友是我正缘 过两年会结婚 就是中间很多挫折 还叫我改一下性格 指点我怎么去做 就后面真的和好了,未标注,未分类,,
38,67af1e55000000001803d1c6,zs会收到惩罚吗？不管缘由？那些极度痛苦的人不想拖累别人的人选择zs下辈子也还会循环吗,未标注,未分类,,
39,67ae371c000000001c00447c,对，难受的时候就想想怎么能不难受,未标注,未分类,,
40,67ac5e110000000016014dcd,让我痛苦的一直是我自己,未标注,未分类,,
41,67a9e779000000001c004631,人的情绪归因发展历经三个阶段：在初始的“心理外归因”阶段，人们倾向于将自身情绪完全归咎于外在环境，认为外界因素主导了心理状态；随着认知的发展进入“折中分辨”阶段，此时开始意识到情绪的产生并非单一因素所致，而是外在环境与自我心态共同作用的结果；最终达到“悟性反应”阶段，能够洞察到眼前的种种境遇皆为外在表象，而自身的信念才是决定情绪体验的根源所在，从而实现从被动受环境影响到主动凭借内在信念掌控情绪的转变。,未标注,未分类,,
42,67a76e400000000018034810,一个朋友给我造成了极大的痛苦，和他相处真的很让我痛苦，他自私又强势，但是由于有利益牵扯，我还要和他共事，无法彻底切割。我尽量让自己不在乎他的任何言语，但总是控制不住的想到他让我痛苦的事情，反复回想，太痛苦了。,未标注,未分类,,
43,67a50910000000001a00e486,从去年陪着他听他骂我的歌到如今真正的痛苦撕心裂肺 前者拿刀捅我自己 后者他拿刀捅我 感受确实不一样 可心再经历两遍痛苦以后 早已支离破碎 他还觉得不够 殊不知我早已还清 欠你的我在你看不见的地方还了 我们两不相欠 被爱的人误解才是人生最大的悲哀 反反复复说着早已知晓的道理 却无一真正表达我内心的痛 他还觉得我无视痛苦 实际上我根本没办法解决早已扩大的伤口 连我的内在小孩都告诉我救不回来 我还要在家人面前佯装自己是正常人 在崩溃中还要保持理智 说我祥林嫂就祥林嫂吧 我也需要发泄的出口 但无论打多少字都发泄不了,未标注,未分类,,
44,67a242ce000000001b03c027,放下手机就只想哭[抓狂R],未标注,未分类,,
45,67a20511000000002102f571,为什么要活着 活着好痛苦 死了肯定比活着好吧,未标注,未分类,,
46,67a202dc000000001a039bba,唉不想读书啊想去赚钱，烦，苟着吧，什么时候开学呢，活着真没有意思，没有个真心喜欢我的人[笑哭R],未标注,未分类,,
47,67a201c9000000001b033d11,一次又一次被抛弃，一点都不想谈恋爱了，都走吧，想走就快点走，但是不谈又不知道为了谁活着，不想给不缺爱的人献爱了,未标注,未分类,,
48,67a2010e000000001a00f109,我爸妈把我当垃圾，又指望我找个有钱人，算咯，我只想找个穷男生但是真心喜欢我的[飞吻R],未标注,未分类,,
49,67a0c0430000000020039999,当树洞！听倾诉，本人INFP.平时也经常安慰倾听身边的人。文明交流，不脏不带颜色，可提前说是否需要开导。可纯倾听当树洞。绝不透露任何个人信息，（基本素养！绝不外泄！）一个小时30r。,未标注,未分类,,
50,67a067da000000001b03e56b,我也好难受，感觉自己陷入了虚无主义[失望R][哭惹R][哭惹R][哭惹R],未标注,未分类,,
51,679ef310000000001a00d248,我不想活了，我死了，他们会不会后悔这样对我,未标注,未分类,,
52,679e5f1e000000002101e689,很累很累，每个年龄段都有数不完的糟心事，可是似乎没什么办法，关关难过关关过，不过每一段不顺心的经历也只是我们生命长河的一小段而已，所以难受烦心甚至痛苦都是暂时的，我们要相信美好幸福的事总会发生，并且为之努力 生命本没有意义，一切都是体验，而努力让自己的体验变得更好就是生命的意义，加油,未标注,未分类,,
53,679e2523000000000c010e09,被男人骗了很多钱,未标注,未分类,,
54,679ce7a7000000000b00b6e6,很痛苦，孩子已经21岁了，把自己所有的不顺心都要加倍说给我听，这些年对她的好一件都不记得，还说我偏心小的。她像个永远不愿意长大的孩子，逼着我去听，去承担她所谓的痛苦。我说我也不想在这家待了，我太累了，她说那她就去死。。。。。,未标注,未分类,,
55,679cb226000000001b02e2e3,生病生病生病，感觉就没好过[哭惹R]好难受好烦,未标注,未分类,,
56,679a4d82000000000a02f22c,我不停地想把痛苦的事情想明白，要不然下次它还是会如潮水般把我淹没，一直折磨[哭惹R][哭惹R],未标注,未分类,,
57,6793c54a0000000009020b85,不要为了活着 活着，结束我自己的大痛苦也是一种真真的解脱 对自己真正的解救“放生”活着只是为了活出价值和不痛苦仅此而已❗️,未标注,未分类,,
58,67935c640000000021034abc,痛苦太大了，怎么也接受不了现实，甚至要欺骗自己的大脑才能好受一点[可怜R],未标注,未分类,,
59,678e2ca00000000021035ed0,真的很痛苦，在学校被同学排挤，可能也有我自己的原因吧，成绩开始下滑，整个人飘飘然，说不去在意他们，又很难，天天会想到自己受到的一些不公平待遇，然后就心烦，只要我想走，他们就表现得很开心，我也不知道自己做了什么，好崩溃,未标注,未分类,,
60,678bb82f000000002103e594,去哪呢？！去哪里都很痛苦,未标注,未分类,,
61,678bb375000000001b033fe2,我已经不能出门了,未标注,未分类,,
62,678a34e1000000001b0370dd,每天光是睁开眼睛就是一种痛苦了 一天只会去想那些发生了后悔的事情 然后陷入绝望 真的要坚持不下去了,未标注,未分类,,
63,678790d800000000210352a9,我好难过，我想死，是不是消失了就好了,未标注,未分类,,
64,67869e54000000001b03185c,控制不住的回想 复盘 如果当初怎么样 结果是不是会不同 真的好痛苦 时间不会倒退不能重来 心都碎了 睡不着大晚上 或许是因为这是事情发生的第一天吧 其实也不是什么大事 不知道什么时候对于要花钱来弥补的错误特别纠结 希望下次能顺利。化悲愤为学习的动力吧 明天回家安顿好了就开始学数学 加油加油 大晚上不知道和谁说这些 就当是一个树洞了,未标注,未分类,,
65,6786573a000000001b0395ff,好累，不想活了[哭惹R],未标注,未分类,,
66,6782e284000000002103def4,20岁双相 让我痛苦的事太多了 细想就是没有解决办法 只有去死了。可能命运就是让我活到现在 可能之后命运又会把我推向另一个地方让我好起来 但是我觉得我等不到了 [哭惹R]我只有去死才能不用永远活的痛苦[哭惹R][哭惹R],未标注,未分类,,
67,6782abfc000000001b034495,我在家就很痛苦[哭惹R]即使短暂地在外面治愈了自己，我还是要回家面对让我痛苦的地方[哭惹R]每次都不想回家，放假了就想早点开学[哭惹R],未标注,未分类,,
68,6781db51000000002200844f,毁容了[哭惹R][哭惹R],未标注,未分类,,
69,677dc0bf000000002200b6c1,我看到我爸就很难受，他每天都在否定我，一不如他的意就否定我，真的感觉活的好累啊[哭惹R][哭惹R][哭惹R][哭惹R][哭惹R][哭惹R],未标注,未分类,,
70,677ce89a0000000021033e65,最压抑的23 24过去 希望25可以有转机,未标注,未分类,,
71,677a585a000000001102d17b,当痛苦到极致时，悲哀,未标注,未分类,,
72,677423d300000000100188f2,,未标注,未分类,,
73,6773e341000000000e00cfb5,其实不想可是我真的好难过 觉得周围的人都带着有色眼镜看我 [哭惹R],未标注,未分类,,
74,67714d8d0000000011001d96,"心灵辅导师，可以倾听并理解和包容
你所有的痛苦，难受，委屈和不理解，
中途会对你进行开导、保证全程保密，
您的信息绝对不会有第三人知道，一单
十元不限时",未标注,未分类,,
75,676d7954000000001102feab,为什么是我[哭惹R][哭惹R][哭惹R]为什么是我失去父亲，为什么是我家庭支离破碎，为什么是我[哭惹R][哭惹R][哭惹R],未标注,未分类,,
76,676d29ee000000001200a871,走出门 也哭  边跑步 边哭  对眼前看不到希望 每天压力好大,未标注,未分类,,
77,676c64d4000000000f0318ba,这几天一直陷在坏情绪里，在听清净咒。 回想这10年过得真的好痛苦和累。各种破财，被偷被抢还出车祸做大手术休息两年。告诉自己一直要坚强，还时常会哭很难接受20几公分的疤痕。可好笑的是我们一家三代都是虔诚佛教徒，我母亲常年去庙里做义工捐助寺庙各种法会。我自己也救助动物，捐香火去寺庙。结局是10年各种磨难，我现在都不太信了。人家求富贵，我想要个平安都很难。 ps活着真的很累，苦难我也不想比较。,未标注,未分类,,
78,676c226e000000000e00e9e8,很痛苦 亲人离世 接受不了 三年了还是接受不了 父母也接受不了 限制我的生活 我的自由 痛苦 真的痛苦 [哭惹R][哭惹R][哭惹R][哭惹R]唉,未标注,未分类,,
79,676c1d14000000001001bcb4,好奇那些发达国家的年轻人和孩子们也活的这么痛苦吗[哭惹R][哭惹R],未标注,未分类,,
80,676bf305000000001102e492,经受了难以想象可能十几年都难以挽回的巨大痛苦，一想到久痛到呼吸困难,未标注,未分类,,
81,676bc2e60000000011032524,痛苦教会我们成长,未标注,未分类,,
82,676a7fe60000000011018e77,我会一直想我能把自己的东西带在学校，还有我放在家里的东西，有强迫症[哭惹R],未标注,未分类,,
83,6768dc03000000000e00d4d6,走去哪？,未标注,未分类,,
84,676684610000000010006fee,所有强迫症患者，抑郁症患者，你们一定会好起来，加油,未标注,未分类,,
85,6766494c0000000011019a1c,很痛苦真的……,未标注,未分类,,
86,6764d4b7000000000d0181fa,还是学学苏轼吧，人生不如意之事十有八九，有好事应该觉得幸运才对，一直苦才是人生常态,未标注,未分类,,
87,6763d6950000000011019abd,我现在都不敢出门，一出门就恐慌没安全感,未标注,未分类,,
88,6763a8c2000000000f033ed8,生活疲惫，想要倾诉，身边人不会愿意一直当垃圾桶，人性本来就是复杂的，说不定有一天就被背刺了。(随时倾诉，一杯咖啡费用就可以。),未标注,未分类,,
89,676388c50000000011031051,"#男生接树洞 ，不透露个人信息    先结款， 需要的下面扣1我来找你。文明交流，绝不透露个人信息(基本素质)需要的集合!先结后说   扣 1我来找你
一.注意事项(基本素质!)
1.文明交流
2.绝不透露个人信息
二.价格表(先结后说！!)
1.需要发泄情绪骂人的（本人不回复）：一小时 25r，半小时 20r
2.当纯听心事的（回不回复听你）:一小时 25r，半小时 15r，
当出气筒（不回复）：10分钟5元
听倾述半小时30元     
出完气互删哈
微信结
扣1主动找你
业务二：
帮忙表白 传话，一人5💰扣1我去找你。
帮看朋友圈，一人3💰 扣1我去找你",未标注,未分类,,
90,67624643000000000c028a1b,我睡觉时潜意识也会痛苦，知道痛苦对身体不好，但是控制不住,未标注,未分类,,
91,67617e70000000001200c2fa,如果不知道怎么走，那就向前走,未标注,未分类,,
92,675bdabe0000000010004060,我真的好痛苦，觉得我的人生本不该如此，非常后悔当初的决定，可一切都无法改变了,未标注,未分类,,
93,675ad2b0000000001200825d,可是痛苦的不是事，是我本身，不会因为我专注做其他事这个痛苦就消失，暗沉的天空不会因为刮风变得明朗，专注消失后我仍然痛苦,未标注,未分类,,
94,675aa822000000000f0312ed,感觉很痛苦,未标注,未分类,,
95,6759b132000000000f030859,最近想了很多法子离开这个世界。看着身边的孩子，一直没有勇气,未标注,未分类,,
96,6758b44d000000000803f253,痛苦就一定代表糟糕吗,未标注,未分类,,
97,675845f1000000000803cad8,说得非常好，我们永远不知道明天和意外哪一个会先来，开心也是一天，不开心也是一天，好好拥抱自己吧，无论现在的你是多么狼狈悲伤，走出门，活下去！,未标注,未分类,,
98,67565636000000000d001b5a,感觉开心不起来，每天的心情真的很糟糕，心里真的很难受,未标注,未分类,,
99,675554d9000000001a01047f,道理都知道，确实是跟自己过不去，堵到吃不下饭，心理压着块石头一样，控制不住的流泪掐自己,未标注,未分类,,
100,6754ee8400000000070063eb,怎么办孩子生病了，坚持一年看不到希望，看到她痛苦，我也痛苦，一人受折磨，真想解脱,未标注,未分类,,
101,67513675000000000d000738,俩门牙没了[笑哭R][笑哭R]这几天一直很痛苦 好崩溃 感觉玉玉症要犯了都不想活了[笑哭R][笑哭R]前几天我还在快乐的啃骨头呢[笑哭R][笑哭R][笑哭R]补完以后再也啃不了了[笑哭R],未标注,未分类,,
102,6750e14c000000001b0027dd,我真的好累啊怎么办[哭惹R]，每天都在失眠，多希望自己再睡梦中离开这个世界[哭惹R]，真的好累为什么我的人生会这样,未标注,未分类,,
103,6750443c000000001a0325b8,毕业在家不想工作。有很大的容貌焦虑。 刷抖音看到他们全都是有钱人长得又漂亮又有钱。以前我就会很喜欢这种 自从上大学去了市中心以后发现全是漂亮的女生，自己就像一个配角一样。觉得自己好土，然后现在刷抖音也是比自己漂亮的有钱的。生活已经很痛苦了。一想到当牛马去，一个月工资2000不到，我就觉得天塌了。我以前特别喜欢买衣服打扮自己，可发现自己穿着并不好看。现在打的收拾的欲望都没有了 什么兴趣都没有了。父母只会嫌弃你不上班不努力。母亲明明很关心我的，他一定要以骂我的方式关心我真的很痛苦[哭惹R],未标注,未分类,,
104,674ddbe9000000000d000a56,去尼玛的焦虑症 去尼玛的不安 去尼玛的眼睑痣 去尼玛的社交 去尼玛的强波症 去尼玛的毛头发 去尼玛的大饼脸 彗星快来吧 如果明天是世界末日我就开心了 可恶啊 去尼玛的我自己廉价的自卑 你妈就躲在阴暗的角落里无人问津 自生自灭 腐朽吧 去尼玛的的时间都去哪了 我要引爆地球 我要毁灭世界 要发疯了 b溃了妈的 去尼玛的键盘打字都打不顺畅！滚呀 可恶的生活 人都要抑郁啊 妈的没人懂我 自己不会爱自己 做不到呀妈的 疯了 疯了挺好 赛博疯子 切,未标注,未分类,,
105,674dcdae000000003d01ef93,"感觉快熬不下去了,真的好想哭[哭惹R]去年的时候查出甲亢，今天也感染了hpv高危，为什么倒霉的都是我、感觉活着真的好累好累，真的好羡慕那些健健康康的人，我想我以后在也不会快乐了；已经抑郁了一个月",未标注,未分类,,
106,6749ddc7000000000200685c,有时候感觉真的痛苦，感觉这样的一段人生都不是我想要的，但我却改变不了的无能为力感,未标注,未分类,,
107,67499ca400000000020072c4,好后悔[哭惹R]，被人欺负，费了九牛二虎二力起诉马上大获全胜，却被调解员一顿忽悠完全乱了方寸，同意调解了，现在已经严重抑郁了天天后悔的哭,未标注,未分类,,
108,6749087b000000003d01f033,上学让我好痛苦，不合群的宿舍，听不懂的专业课，找不到的实习工作，学校逼迫赚取的学分，强制参加的各种大学生职业大赛。,未标注,未分类,,
109,6746609d000000001b035eec,我好痛苦,未标注,未分类,,
110,674617b5000000000700346a,凌晨没忍住偷看了以前霸凌过我的女生的社交账号，发现她现在很漂亮过的很好，越想越崩溃,未标注,未分类,,
111,6745a9fb000000000200600e,我也想开心 我也想轻松 我也想分享喜悦 我已经很努力了 但总是一下就能把我努力来的所有都贬值空掉 我不光努力的东西看不见了 原本有的也一点一点都收走了 是不是活的越往后 我的双手越空 内心委屈太多了 这样活着 为了什么呢,未标注,未分类,,
112,6745a866000000001b0209f8,每天都是强撑一天 生活里没有任何给我精神支持 撑不住了就大哭 哭好了 又硬抗 没有希望给我 又迷茫又寒冷,未标注,未分类,,
113,6745a7db000000001b035e22,[哭惹R],未标注,未分类,,
114,67446e4d000000001a019909,我现在很痛苦,未标注,未分类,,
115,67432f490000000002007311,我真的好难过[哭惹R]，我妈说我没良心，,未标注,未分类,,
116,67410805000000001b035f71,宇宙妈妈请眷顾我 🙏,未标注,未分类,,
117,673e85f8000000001501c8ff,越想去解决，反而发现越是一团乱麻。倘若轻轻放下，又心有不甘。,未标注,未分类,,
118,673e7959000000001a026abf,我的痛苦就是无法行走 ……,未标注,未分类,,
119,673d854b000000001b00284e,太痛苦了，最近一点都不顺,未标注,未分类,,
120,673c79c3000000001b0029b7,收到[合十R][合十R][合十R],未标注,未分类,,
121,673bc255000000001b035eed,这个冬天就去卧轨,未标注,未分类,,
122,673a7bdd000000001a01b9ac,可是我一出门就倒霉好难受好难受怎么办啊没有人帮我没有人听我倾诉,未标注,未分类,,
123,67381f07000000001b037abe,生育让我好痛苦，每天都有不一样的痛苦,未标注,未分类,,
124,67359f60000000001a0185aa,真的要被痛苦淹没了,未标注,未分类,,
125,673574ac0000000018028aa1,很苦，苦中找点甜吃，可是我有四只小猫呀，它们就是我的牵挂，所以我不能死，也不想结婚生子，真希望下辈子投胎富二代或者明星，活的快乐一点。,未标注,未分类,,
126,6733fdb1000000001a010399,可人生它就是一坨屎，我也是。包括地面上的一切，只想腐烂在地下。,未标注,未分类,,
127,6732ff28000000001b022888,出去赏秋[黄色心形R],未标注,未分类,,
128,67321308000000001a01b41b,活着好痛苦，是不是死了就解脱了啊,未标注,未分类,,
129,673200e6000000001b000d1a,我以前遇到再大的事情第二天起床就会很好多，现在第二天醒了第一件事就是想起来并且复盘，时不时又安慰自己调节的过来，但是再碰到类似的场景和情况又会无比痛苦，质疑自己为什么当初要做出那样的决定，为什么这么苦，为什么我什么都没有，为什么要让我承受这些,未标注,未分类,,
130,672fed6d000000001702da7b,我今天4.48醒的，然后想睡也睡不着，也休息不好一直在想，想着7点起来学习，学和不学就在脑子里打架，我有点厌学了，不想活了，我还是二战，真的好恐惧，想死,未标注,未分类,,
131,672f93ff0000000002004f54,我不喜欢待在室内，可是受了伤，走路膝盖就会一直疼。一年多了，如果好不了，我可能活不下去了。,未标注,未分类,,
132,672f85a3000000001b022e51,年少最痛苦的时候不知道怎么熬过来了，中年的新痛苦却在持续[哭惹R],未标注,未分类,,
133,672e2c06000000001a02514a,我在想一个人怎么会痛苦成这样,未标注,未分类,,
134,672dc3c9000000001b007f8b,"好痛苦,为什么要出生[哭惹R]",未标注,未分类,,
135,672c4ab3000000001b0225ed,我倒没有悔不当初，只有无奈   挣扎 妥协 叹息[哭惹R]自我怀疑否定又疑问,未标注,未分类,,
136,672a26e7000000001b00285b,当树洞！听倾诉，本人INFP.平时经常安慰倾听身边的人。如果你需要可私信我，排解情绪。绝不透露任何个人信息，（基本素养！绝不外泄！）一个小时30r,未标注,未分类,,
137,6729f8e0000000001b02766b,失业的 苟活？ 没有任何社会保障？ 纳税的意义在哪里？,未标注,未分类,,
138,6729de71000000001a01145b,当树洞！听倾诉，本人INFP.平时经常安慰倾听身边的人。如果你需要可私信我，排解情绪。绝不透露任何个人信息，（基本素养！绝不外泄！）一个小时30r,未标注,未分类,,
139,672745c4000000001702ea24,我今年刚30岁，我的生日没人记得，没有蛋糕，没有鲜花，只有冷漠的家人和越来越差的名声，这几年过得一点也不好，除了这条烂命，什么也没有，人生一塌糊涂，不知道活着有什么意思，可不可以死，死了是不是就解脱了[哭惹R][哭惹R][哭惹R][哭惹R][哭惹R][哭惹R][哭惹R][哭惹R][哭惹R][哭惹R][哭惹R][哭惹R][哭惹R],未标注,未分类,,
140,6726146d000000001a010b9a,"抑郁是想快乐，快乐不起来；想好，但好不了；想解决，但解不了。
只不过这里边有个问题，抑郁的表现有点像懒。
因为他的内心已经没有力量支持他去做任何事情了，或者说他已经失去对任何事情的动力和热情，所以表现出来像懒。",未标注,未分类,,
141,67260a14000000003d01fcd6,我不知道我现在是不是痛苦的，但心里一定是不好受，工作中无论是要学习还是要面对客户和同事从迷茫到现在很不好受，原本已经决定离职，但老板那时和我谈心谈了许久，在工作中我一直都唯唯诺诺，小心翼翼，身为美疗师，每天看着和自己工作的同事，她们每天都忙碌着，借着老顾客拼着自己的业绩，我呢，只能没事守着前台，摆弄着稍微乱一点的桌面，打扫着每一处角落，和收拾着她们做好客户的美容床，有时候我找不到在这里的意义，和同事也交往的并不好，我在这没有任何动力，特别是发工资时，总归是和她们差一大截，我心里很难受，也想了许久最终提出离职，那天老板和我聊了许久，说我在空闲时可以学习店内的产品，或项目，可是我讨厌只是光看文字,未标注,未分类,,
142,6725d9f90000000019003a55,没有办法了,未标注,未分类,,
143,6725c93d000000001b03609c,活着没啥意思,未标注,未分类,,
144,6723da6700000000020071fd,好痛苦[哭惹R]为什么我大学三年没好好学，我现在大四上要考六级考公重修教资面试期末考[哭惹R][哭惹R]我感觉我好焦虑好焦虑，好多事情啊啊[哭惹R][哭惹R]怎么办,未标注,未分类,,
145,67238729000000003d01d809,"抑郁不是懒，懒是懒，抑郁是抑郁，首先从“字”就不一样。
但“懒”跟情绪有关，“懒”是“竖心旁”嘛，竖心旁就跟情绪、心灵有关。
而且说实话，如果真是懒的话，大概率不太会抑郁。
比如，油瓶倒了我不扶，衣服脏了我不洗，这种人得过且过，他就是混的，怎么会抑郁呢？
抑郁是想快乐，快乐不起来；想好，但好不了；想解决，但解不了。
只不过这里边有个问题，抑郁的表现有点像懒。",未标注,未分类,,
146,6723156c000000001b006231,[捂脸R]其实事情很小 但我现在快爆炸了 好难受好痛苦  为什么长大了要承受这么多 我感觉我根本就没有能力 还有那么多人想要插手来管我,未标注,未分类,,
147,6722f8a400000000170266ef,没事发生的时候一切都还行 一旦有事就习得性无助,未标注,未分类,,
148,67227563000000001a033a89,抑郁两年多了 今天听到我妈说我对她来说是个周而复始的麻烦 我真的承受不住了,未标注,未分类,,
149,672254ca000000001b023b9e,没有任何事发生。但我真的很想死掉。这个想法似乎也不能倾诉给任何人,未标注,未分类,,
150,6720a88a000000001b004e98,努力走下去，认真生活,未标注,未分类,,
151,672086de000000001a027641,我看你是毒鸡汤喝多了,未标注,未分类,,
152,671f964c0000000018029a40,其实没什么痛苦的，没什么在意的，所以才不知道怎么办才好,未标注,未分类,,
153,671ef10300000000170271b8,不会完蛋的宝，读完研又会觉得读不上博很痛苦，关关难过关关过[派对R],未标注,未分类,,
154,671cfe0000000000190031c6,就是感觉解决不了，尝试了各种办法还是不行，非常绝望,未标注,未分类,,
155,671c6591000000001a025107,决定断联的第一天[合十R][合十R][合十R]太痛苦了,未标注,未分类,,
156,671b1c15000000001b0226e2,无法释怀，有时候甚至觉得，是人真的好痛苦，宁愿自己没有来这世上一趟,未标注,未分类,,
157,671a9630000000001a013d5c,众生皆如人饮水，冷暖自知。众生皆苦唯有自渡。每个人的一生经历的事情和时间都不同，有人出生就被抛弃，有人在花季年华身患绝症，有人在美好的年华失去四肢，有人失明看不到这个世界的样子，更有人终生都无法站起来像正常人一样行走，这些你看不到的人都在你看不到的地方坚强的活着，上天安排了什么任务给我们，我们只有怀着一颗虔诚的心去面对，人在出生时已经是在向死而活向死而生，当然我们也可以换做另一个角度去看待，我们也在向阳而生，向着有生命力的自己而活，你不需要寻找诗和远方，你的内心自由了你在哪里诗和远方就在哪里，你也不需要寻找人生的彼岸，你自己就是彼岸。你用什么心态对待人生，用什么角度看待世界你就变成了什么样的人,未标注,未分类,,
158,671a259d000000001b03450f,感觉自己救自己好难好难,未标注,未分类,,
159,6719fe45000000001a0275db,任何内心的痛苦/心理问题或现实生活中的实际问题，都跟潜意识有关。我的疗愈技能：自然催眠进入潜意识、负面情绪释放、疗愈心理创伤，认知指导➡️重塑曾经的感受-你的世界就是你的认知和感受。任何心理咨询疗愈的效果，都要能体现在现实生活之中的改善，否则效果无从谈起。每次疗愈1.5-2小时，随喜，欢迎跟我聊聊。,未标注,未分类,,
160,6718fa66000000001702631d,来自养娃的一生,未标注,未分类,,
161,6718f3c6000000001900172b,小红书是最好的心理医生,未标注,未分类,,
162,6718ce82000000001b000ce3,今天在非衣食住行上多花了500，我爸听闻打电话说啊呀你真有钱啊你可真敢花呀。🥲亲戚家富小孩旅游订1800一晚酒店的时候，我在买临期卫生巾。白富美亲戚结婚我得出礼金递过去的时候白富美戴的梵克雅宝，我戴的9.9包邮50根的发圈🥲白天同事们说说笑笑，不知道我可能前一晚哭着收拾我爸掀桌摔碗的烂摊子。好痛苦我好痛苦,未标注,未分类,,
163,6718c675000000001b0343c3,痛苦，熬着,未标注,未分类,,
164,6717dfca000000001a031ea5,被疾病折磨 真的好想死,未标注,未分类,,
165,6717ac83000000001a031968,任何内心的痛苦/心理问题或现实生活中的实际问题，都跟潜意识有关。我的疗愈技能：自然催眠进入潜意识、负面情绪释放、疗愈心理创伤，认知指导➡️重塑曾经的感受-你的世界就是你的认知和感受。任何心理咨询疗愈的效果，都要能体现在现实生活之中的改善，否则效果无从谈起。每次疗愈1.5-2小时，随喜，欢迎跟我聊聊。,未标注,未分类,,
166,67178d50000000001a0139c4,我一睡下做梦都是这些痛苦的事,未标注,未分类,,
167,6716e5dc00000000270246da,没有用的捏，该倒霉还是得倒霉[微笑R],未标注,未分类,,
168,67164ced0000000027022445,痛苦到无法言喻,未标注,未分类,,
169,67162d9f000000002a02fd13,浴室意外摔跤股骨颈骨折 骨折之王 有坏死的可能 这个挫折对顺风顺水的我打击太大了 天天以泪洗面 感觉活不下去[哭惹R],未标注,未分类,,
170,6715a904000000002a02c5cf,[合十R][合十R][合十R][合十R],未标注,未分类,,
171,671504470000000020024a52,真的有办法主动停止吗？[笑哭R][笑哭R],未标注,未分类,,
172,6714af4a000000002a029c07,无助的大学生，完不成的实习证明，考不上的研究生,未标注,未分类,,
173,6712429b0000000010005f33,有时候觉得，如果生活被痛苦缠绕，不继续是不是更好,未标注,未分类,,
174,67110da6000000002a02aec2,不想活下去,未标注,未分类,,
175,67109bf7000000001601e024,低谷期不知道往哪走，心力很弱，没有了向上的灵气,未标注,未分类,,
176,670ffcba00000000200237f7,发生了一件很痛苦的事，感到很后悔走不出来,未标注,未分类,,
177,670f563b0000000010006057,为什么要长痘痘 吃了药好了 过一年又复发[哭惹R],未标注,未分类,,
178,670ccce700000000160308dd,忍不住的去回想，然后一直被坏情绪裹挟,未标注,未分类,,
179,670cc6240000000018030b34,可是只有真正放下才能走出去不然它一直堵在心里出去了也不开心,未标注,未分类,,
180,670ca3a600000000200245c6,我想哭，但是骨子里倔强不想认输，不愿意为此崩溃,未标注,未分类,,
181,670bf915000000002a02b6f2,爸爸出车祸骨折很严重，这半年都没办法工作，妈妈照顾爸爸，现在知道要赔偿另一个车主十几万，我还在上大学，弟弟上高三，现在真的好难过，本来爸爸就是卖力气的工作，他的工资占大头，现在真的好无助[哭惹R][哭惹R]感觉已经不想上学了，想直接去打工，而且我家今年上半年刚装修完房子，还要还房贷，[哭惹R]好难过,未标注,未分类,,
182,670b7b4400000000200247b9,好绝望。。,未标注,未分类,,
183,670ab58e000000002a02e900,好想结束生命，人生就是痛苦的循环吗？,未标注,未分类,,
184,670a93100000000027011995,人家都能善始善终，为啥他们不能,未标注,未分类,,
185,670a92660000000027010fbd,活着好痛苦,未标注,未分类,,
186,670a65030000000027013011,我是好想念自己的童年，感觉那时候太幸福了[哭惹R]现在永远也回不去了,未标注,未分类,,
187,6709f3c700000000100042ed,我25岁好想了结自己，但一想到我前輩子过的那么苦就有点不甘心就这样没了,未标注,未分类,,
188,6709eba30000000027026e6f,心里堵得慌💔🩸💔,未标注,未分类,,
189,6708e99900000000100071ef,工作让人感到痛苦焦虑怎么办,未标注,未分类,,
190,6708e3ff000000001601d81b,太痛苦了……我不知道人为什么要活着,未标注,未分类,,
191,6708c123000000000e036227,"抑郁跟外界是没有关系的，抑郁是一个人的潜意识按下了暂停键。
比如你开着车去一个地方，结果半路发现走错了，你要做的第一件事是什么？
先停车，停下来。
人的意识和身体就是这辆车，抑郁就是这个人的潜意识发现他的人生走的是不对的，于是潜意识按下了暂停键，把他所有的快乐、动力、热情没收了。
所以找到正确的路，就可以开始了，抑郁是可以好起来的",未标注,未分类,,
192,6707f3ef0000000010004329,我好痛苦，从小到大不能做自己想做的事，结了婚也被限制自由，人生完全被老公一家掌控。有人能告诉我政府单位临时工真的很好嘛…为什么都在劝我在这个岗位好好做，机会来之不易，错过了就再也没有了。可是我上班上的很痛苦，现在只想干自己喜欢干的事，我跟他们说，没一个站我这边替我考虑。之前说要给我介绍工作的时候我就拒绝过，但是后面还是托关系进去了，又不能拒绝的那种，因为不想让宝宝们成为留守儿童，我选择安稳的待在家，但是我发现每天不仅身体累心也好累。我到底该怎么办，我真的不想活了，每次决定了的事，我总是会被说的信心全无，现在还窝在角落哭鼻子，太不争气了[可怜R][可怜R],未标注,未分类,,
193,6707ec3800000000270116ba,太痛苦了...写论文太痛苦了[哭惹R],未标注,未分类,,
194,6707d2b7000000001601d822,[哭惹R]在这个陌生的平台去说一下自己的事吧： 在编老师特别痛苦，因为这个城市不喜欢，工资又低，干活还多，我每天都过得浑浑噩噩，找不到出口，好不容易以为遇到了爱情，那个人确实是自己喜欢的，结果谈的稀巴烂，生活压力好大，自我崩溃。每天好累，又不敢跟别人说。因为怕别人说你承受能力差，说你负能量。说你怎么总是抱怨……我真的好累好累啊[哭惹R],未标注,未分类,,
195,670767e80000000020027045,我好痛苦 我不知道怎么活下去 我觉得人生没有希望,未标注,未分类,,
196,6707676e0000000027023bc7,想一了百了，又觉得这样太便宜了恶人,未标注,未分类,,
197,670708590000000027011b92,内耗到凌晨3点才入睡，5点多在反反复复翻身睡不着下惊醒，又继续内耗到凌晨六点多[可怜R]做了一个错误的选择，放弃了一个很好的机会，感觉自己的认知水平太不成熟，做决定莽撞，放弃了又觉得自己的努力其实值得这个机会[可怜R]我还是不够自信，太稚嫩了[可怜R]感觉很长一段时间都无法释怀，被自己蠢笑了[可怜R],未标注,未分类,,
198,6706be08000000001601da02,自己大脑有点吃药后遗症变得呆呆的，情绪也低落那种，现在自己找不到工作很难受不想以后这辈子就这样,未标注,未分类,,
199,67069fb3000000002a02953d,[再见R]上班的人不配痛苦,未标注,未分类,,
200,67066f470000000020025cb7,难怪痛苦一年了都解决不掉[笑哭R]原来是因为太想解决了,未标注,未分类,,
201,670551e6000000001601ce96,真的治愈了[笑哭R][笑哭R][笑哭R],未标注,未分类,,
202,670551d2000000000c0140b5,我就是明白道理，但又不由自主内耗[笑哭R],未标注,未分类,,
203,67043c11000000002400b8aa,我活在痛苦恐惧中,未标注,未分类,,
204,670408cf000000002400db8d,真的很痛苦，我没有做错，我就是太心软了，导致了我现在过上这样的日子，瞒着我爸妈，可是我现在受不了了，又舍不得一双儿女我该怎么办啊,未标注,未分类,,
205,67035e3d0000000024011376,"有些人命运就是受苦受难，现在苦 以后也苦，，很多人都是苦了一辈子 老了再生病痛苦死去   结束了痛苦的一生   等了一辈子也没等到幸福到来，到头来只有苦    有些人活着没意义，他她的命运只有多灾多难。
那些劝你活着的人，帮不了你什么，改变不了你痛苦现状，只会让你继续痛苦的活着，你的苦也不会因为他的一句话而消失",未标注,未分类,,
206,6702a9c7000000001000550d,也不是想结束生命，但想结束痛苦。现在不想出门也不想上班，就是穷思竭虑，觉得好像活着真的没什么意义了！,未标注,未分类,,
207,67029c120000000027011496,时间会消磨一切但是这段时光真的好难熬 一个人承受真的好累[哭惹R],未标注,未分类,,
208,6701fcdc000000002a02d998,工作中遇到的领导，同事，小人，痛苦的绝望啊，这就是我的命吧，多少年都难以释怀,未标注,未分类,,
209,670138d5000000000f00c12e,各自有各自的痛苦,未标注,未分类,,
210,67004c09000000002a0298da,发生了无法接受的事，不知道怎么办特别痛苦，活在地狱,未标注,未分类,,
211,6700076b00000000200215c5,想走了，有没有一起的,未标注,未分类,,
212,66fff49e000000000f00c7ed,真的好痛苦，每天就想躺在床上一动不动，可是还要照顾生病的家人，接哥哥家的孩子放学，做饭，亲戚家有各种乱七八糟的事也要找我，加上我现在失业。。。我真的要烦死了，我自己都活不下去了，我还要管他们这一堆烂事，死了就解脱了，谁的事也不用管了（每天还要承受各种让人崩溃的事:一家子人吃完饭筷子碗就乱七八糟往桌子上一扔，剩菜放到冰箱歪七劣八，菜汤撒一冰箱，到最后都得我去刷，收拾，每天听着嫂子和哥哥和孩子的各种吵骂声，我真的要崩溃了）,未标注,未分类,,
213,66ff6faf000000002403758d,大龄失业失恋，遭遇无缝的打击，疯了大半年，从自我怀疑，到悔不当初，内心渐渐平静，让我知道了，世界上没有人可以感同身受，除非和你有相同遭遇和经历的人才能理解，朋友只会说你不坚强，曾经的恋人也只会嫌弃和厌恶你这糟糕的样子，只能自己度过，别指望任何人，熬过了你就强大了，这是种成长，是种经历，人生本就是场旅程，好好体验,未标注,未分类,,
214,66fe77ba0000000024035a48,思念到肝肠寸断,未标注,未分类,,
215,66fcee09000000000d01e72b,我不行了。,未标注,未分类,,
216,66fbfa61000000000f006f81,怎么自救 无法自救[哭惹R] 救命[哭惹R],未标注,未分类,,
217,66fb9273000000002400acbf,我不懂自己有什么资格深陷在焦虑情绪里，感觉自己好脆弱好不坚强……怎么会成为这样的人呢……但孤独和自我否定真的快把我吞没了,未标注,未分类,,
218,66facfd40000000024004821,大家都好难过,未标注,未分类,,
219,66fac5ad000000000403309c,其实是一件小事，可还是好痛苦，心空了一块,未标注,未分类,,
220,66fa8c34000000000c0159e3,无数次站在窗边 理智告诉我努力活下去 好痛苦,未标注,未分类,,
221,66fa60b40000000002007d3a,怎么自救,未标注,未分类,,
222,66fa5a54000000000b0237fc,无法排解痛苦，已经陷入了漩涡，走不出来，也不知道该去哪，真的不想这么痛苦下去了，严重影响我的工作和生活,未标注,未分类,,
223,66fa4a2c0000000004033e48,目前陷入了人生巨大的僵局 30岁未婚无工作 失业10个月 找不到工作 人生陷入巨大的僵局,未标注,未分类,,
224,66f97f5200000000200206ec,我做不到，它一直循环播放令我痛苦，忘忘不掉. 我又是泪失禁，现在上高中一堆破事，有畏惧初中的经历加上我的情绪问题从来自己别憋着，得了甲亢,未标注,未分类,,
225,66f932e9000000002400f9e4,考不好要被父母指责 已经没有动力了，唯分数论的家庭把我弄得半死不活,未标注,未分类,,
226,66f909f4000000001202d14f,我这也感觉是无解，我爸生病要手术，我得照顾上班，我妈照顾孩子，我老公别指望了。我还负债 就这样吧 凑合往下过吧诶,未标注,未分类,,
227,66f8fbff000000000d01d143,我要是能停下来也不至于这么痛苦了,未标注,未分类,,
228,66f8e6040000000024005edf,我遇到一个现代师傅，很好的师傅，很厉害但很谦虚，给我看了一下感觉最近能量好很多[笑哭R],未标注,未分类,,
229,66f899d80000000024006743,我觉得自己喘不过气，濒临死亡,未标注,未分类,,
230,66f75d96000000000d01ee19,我本来打算顺产，结果听了医生的提前催产，结果催产失败了后面就剖腹产了，我好后悔[哭惹R]感觉抑郁了，看着肚子上的疤就很难过,未标注,未分类,,
231,66f6f2bb000000000c016818,好难啊活下去,未标注,未分类,,
232,66f583d2000000000403194f,清晰地感受到自己的痛苦与绝望，却不知道如何与别人言说，是不是死了才能解脱。我是不是快到抑郁症的边缘了。,未标注,未分类,,
233,66f51efb000000000b02345a,走出去也没用，行尸走肉，最可怕的是没有让自己感兴趣的东西了，想去si，又不敢,未标注,未分类,,
234,66f50223000000002401317f,我的痛苦是它自己衍生的，并不是我去思考,未标注,未分类,,
235,66f40bd5000000000c015346,逃避解决不了任何问题，能像你说的这么轻松就能放下的根本不是问题,未标注,未分类,,
236,66f3ac4700000000020055f1,好痛苦真的想离开,未标注,未分类,,
237,66f39286000000000f00d247,加油，希望能够逐渐适应，还需要找到自洽的点。该睡觉就要睡，多玩手机耗着也不会有好结果[皱眉R],未标注,未分类,,
238,66f379840000000024010b9f,主要是看不到希望,未标注,未分类,,
239,66f353cb000000000c015cbc,我会好起来,未标注,未分类,,
240,66f34b98000000000d00c5ec,加油！,未标注,未分类,,
241,66f2f083000000000d01e9a1,身体上的痛苦呢,未标注,未分类,,
242,66f2de3d000000000f006dbb,活着就是最大的价值！ 不要让大脑去评判周围的任何事物，不破不立，放下大脑惯性思维，放下所有念头，回归本心，回归当下，做好眼前的事，你会发现你的内心变得更加顽强，相由心生，你所观的世界也将变得更加美好！ 你更会发现幸福和快乐就是纯净的内心所幻化出来的，而非是荣华富贵[合十R][合十R][合十R],未标注,未分类,,
243,66f2d793000000000f00c082,前方康庄大道，柳暗花明！,未标注,未分类,,
244,66f2d490000000000d01ea91,没人告诉我相亲结婚找对象让人这么痛苦   感情让人这么痛苦,未标注,未分类,,
245,66f2c23c0000000024004674,催吐越来越严重了，我已经能摸到催吐包了，一个月就瘦了三斤，吃一点就涨称，每天都在想为什么这么难减，真的好想放弃，努力不催吐[哭惹R][哭惹R]，每次催吐完我都感觉自己很恶心。最近上班也好累，傻逼真的太多了，任务太多了，每天都是营销任务，打不完的电话办不完的信用卡，每天都挨骂，明明是他们的问题，一进银行就跟听不懂人话一样[哭惹R]，我以前真的挺有耐心的，但是现在我都不想搭理他们，以前骂我我都不会理，但是现在我每天都想骂回去[叹气R]。减肥➕上班，我真的很讨厌这样控制不住食欲的自己[抓狂R][抓狂R][抓狂R],未标注,未分类,,
246,66f2b7850000000024007825,每句话都在说给我听[合十R][合十R][合十R],未标注,未分类,,
247,66f2b2c2000000002400fb6a,研究生想退学，真不知道该怎么办,未标注,未分类,,
248,66f2a580000000000d00ff45,过好当下，顺其自然,未标注,未分类,,
249,66f2a2f6000000000c016322,好,未标注,未分类,,
250,66f2a1a5000000000d01d989,说得简单[笑哭R]解决问题，要能解决谁还难受啊，不就解决不了才难受吗，而且有些事发生了怎么可能当无事发生啊,未标注,未分类,,
251,66f299270000000024008401,走出门，去哪里？怎么看清人和事,未标注,未分类,,
252,66f282bf000000000403006f,想不复盘但是那个事是你逃不过去的总要面对又没发解决[笑哭R],未标注,未分类,,
253,66f27d14000000000f00fd37,妈妈骨折要手术，奶奶重病时间也不多了，家里还有个残疾的父亲，而我又是独生女，这段时间真的精神状态很差，自己身体也不好，这两天胃病老是犯，感觉活着真的很累,未标注,未分类,,
254,66f278d600000000200211ba,谢谢,未标注,未分类,,
255,66f277fe0000000002007533,感谢刷到，我正在自责正在复盘正在抱怨正在恐惧正在焦虑,未标注,未分类,,
256,66f253030000000024009f0b,好👌🏻,未标注,未分类,,
257,66f252460000000020026049,不知道什么时候开始 活着对我来讲太痛苦了 就像在人间地狱一般 想过无数的自杀方法 。。。家人都说是我性格问题 说是我生活不规律 真的好痛苦啊家人们[哭惹R],未标注,未分类,,
258,66f248990000000020023227,真的受不了了，都说生死之外无大事，可是这件事对我而言已经超乎生死了，我感觉人生一下子就灰暗了，没有任何意义了，后悔遗憾到心脏一阵阵痛，一念间永远挽回不了。。。,未标注,未分类,,
259,66f211fc000000002400a9df,三年了，每天睁眼就陷入痛苦与后悔情绪，一个错误的决定让我至今仍深受其害，从24-27岁，那么年轻的岁月就浑浑噩噩度过，错过了那么多本应快乐的时光，想到这就更加痛苦。已经恶性循环了。,未标注,未分类,,
260,66f20c1d00000000240138be,@红豆椰香挞,未标注,未分类,,
261,66f209430000000004030c78,看了评论，每个人的痛苦都不一样，也没有衡量标准，可是不复盘不琢磨不思考，怎么解决呢,未标注,未分类,,
262,66f1fc5200000000240080e8,每天早上醒来是最痛苦的,未标注,未分类,,
263,66f1c76c0000000024013306,作为一个年近30大龄澳洲水硕的人，因为一门成绩58.5而痛哭干呕睡不着，感觉自己经不起事好崩溃,未标注,未分类,,
264,66f191f5000000000c0153fa,活着,未标注,未分类,,
265,66f18567000000000f00ffa3,我一直都找不到满意的工作，是绝望，看不到一点希望。总觉得这样的人生实在没意思，我一点都不快乐，再等一个月左右吧，走之前该整理的整理好。,未标注,未分类,,
266,66f10b6f00000000020060a0,解决不了，那就顺其自然，凡事发生,未标注,未分类,,
267,66f10a04000000000c014c60,停止自责，停止复盘，停止抱怨！！！,未标注,未分类,,
268,66f0ebbb0000000020022e5c,我好幸福啊，我的朋友很多，我们昨天还聚在一起吃饭聊天，我的家人也很贴心，窗外的远山和晴天白云都很好看，我不工作，我暂且没有赤裸裸的💰的压力，我一点也不痛苦，但我也不懂为什么要活,未标注,未分类,,
269,66f0897b000000002400c246,我的小狗[哭惹R] 我可以接受所有人生的失败 可是为什么让我失去我的小狗[哭惹R][哭惹R][哭惹R] 半夜醒来没有他我真的[哭惹R][哭惹R][哭惹R],未标注,未分类,,
270,66f04d1a000000000d00dfbf,之前有工作的时候，到了礼拜天就会emo。现在没有工作天天emo [捂脸R]我都怀疑我自己是不是能力不行啊，那个工作早上8点上到晚上8:30的，我又不想做。低于7000的又不想去，唉。[捂脸R],未标注,未分类,,
271,66f0261300000000020044e3,今天大专面试，手擂失败，差0.2分，晚上一直在回想[捂脸R],未标注,未分类,,
272,66f013f9000000000b020297,好后悔好难过，想不通为什么我前几年会那么摆😢摆就算了，做的决定还全是错误的,未标注,未分类,,
273,66eff1f4000000000f00510c,痛苦,未标注,未分类,,
274,66efc05c0000000020026291,精神分裂，好痛苦，想跳楼，又舍不得家人，每天活在恐惧焦虑中,未标注,未分类,,
275,66efb9cb00000000040327d2,遇见一个渣男总是想不开 自己折磨自己,未标注,未分类,,
276,66efa783000000002400dbce,刚想的，先去跟医生开点佐匹克隆，买个游泳圈，晚上去水边，先吃药，再把所有钱转给别人，再上游泳圈，在河里浮浮沉沉一边回想，直到药效上来就不知道怎么回事了,未标注,未分类,,
277,66ef9c17000000000c01443c,2020年被警察带走 2022年坐牢 2024年失业 深漂失败 5年了三次给我扒了三层皮 真的太糟糕了,未标注,未分类,,
278,66ef79b1000000002400ea0e,大家有群可以交流吗？,未标注,未分类,,
279,66ef797500000000240109ff,渡过难关[合十R][合十R][合十R],未标注,未分类,,
280,66ef79620000000024010473,[合十R][合十R][合十R],未标注,未分类,,
281,66ef67910000000020026361,停止自责，停止复盘，停止抱怨,未标注,未分类,,
282,66ef591d0000000020022f31,有用的,未标注,未分类,,
283,66ef536b0000000002007d17,谢谢,未标注,未分类,,
284,66eefefd000000002400f6bb,去s就是停止当下痛苦最好办法吧,未标注,未分类,,
285,66eefdad000000002002182b,可是她才7岁呀 我给她买的新家都还没来得及入住 我再也看不到她了[哭惹R][哭惹R],未标注,未分类,,
286,66eef798000000002400d167,快要窒息了 想到明天还要上班 我现在已经喘不过气来了，前两天提了离职，要到10.18才能走[哭惹R],未标注,未分类,,
287,66eef507000000000d00fb15,我谈了一段很长很长的恋爱第一次谈恋爱，被分手三个月了，社交账号都被拉黑了。我就是放不下你，我就是还爱你。怎么了我还爱你我就该死吗，我还爱你我就是敝履吗，我还爱你我就是一块破抹布吗。你为什么要和女的玩游戏，为什么要和别人互关，为什么说不喜欢我就不喜欢我了，为什么叫我不要纠缠你，为什么，你是不是从来没有爱过我，你是不是从来没有爱过我。今晚你又和那个女的玩游戏了 游戏账号也拉黑我了。我还爱你我就该死吗。,未标注,未分类,,
288,66eeef540000000020021c2f,失去孩子的痛苦才是锥心刺骨的疼,未标注,未分类,,
289,66eedfd5000000000d01f777,我想解决所有痛苦，我现在已经麻木了，我已经不清醒了真的，明明不是我的错，我不知道他们为什么会这样，,未标注,未分类,,
290,66eedf54000000000d00cf96,受不了了,未标注,未分类,,
291,66eedda60000000004032de1,好痛苦,未标注,未分类,,
292,66eec9f40000000002006a4f,父母逼我遗弃猫咪。我不敢上班但是又不能不上班在家看着我好痛苦。家里催婚，我挣钱挣的少也说我[哭惹R][哭惹R]，好想死,未标注,未分类,,
293,66ee9d89000000002400b1f0,大家都好难过,未标注,未分类,,
294,66ee94900000000020022f27,25岁近视手术的失败让我不知道该怎么活下去[哭惹R],未标注,未分类,,
295,66ee9187000000002401173b,去室外看看,未标注,未分类,,
296,66ee736d00000000040322e2,现在真的好痛苦,未标注,未分类,,
297,66ee71c3000000000d01f197,山东,未标注,未分类,,
298,66ee492b000000000b023249,低谷期也是上升期,未标注,未分类,,
299,66ed976a000000002400aaf4,失业了，父母逼着去相亲结婚，我不愿意，就让我离开家，断绝关系，我真的精疲力尽了,未标注,未分类,,
300,66ed8fda000000000d01cfbd,别想，去感受自己作为一个生命的律动,未标注,未分类,,
301,66ed4243000000002400fb45,试用期被辞退了,未标注,未分类,,
302,66ed3fcf000000000f00d533,谢谢,未标注,未分类,,
303,66ece9bd00000000020065b3,大赞 如果痛苦就去解决 解决不了就让他烂掉 继续往前走,未标注,未分类,,
304,66ecc46b000000000d01ed46,看星盘说我可能会噶得突然，我好害怕[哭惹R],未标注,未分类,,
305,66ec53590000000002007ee6,感谢提醒,未标注,未分类,,
306,66ec508c00000000020059c7,可是我以为自己不去想就能度过去，但是很难，有些生理反应是很真实的，靠意志无法控制的,未标注,未分类,,
307,66ec0e3b000000000d00e862,我也很难受，心情持续低落，时好时坏的。我去医院看一下，他说是轻度抑郁这种心情低落壮态可能持续挺久的。我现在有点害怕这种情绪，所以回家了。我担心落课，但还是担心这种情绪。我现在在家里，但是没有朋友和我聊天又很空虚。不过比之前好一点了。,未标注,未分类,,
308,66ec0971000000000d00f737,现在蹲在海底捞厕所拉不出屎非常痛苦怎么解！！[哭惹R],未标注,未分类,,
309,66ebcac1000000000c015635,后悔当初找了个穷男人 现在孩子打掉了 还一直责怪我 现在的我已经要被消耗完了,未标注,未分类,,
310,66eb8f5500000000040338f1,你不要这么想不开呀，虽然我也想跳河，但是想想家人，[哭惹R][哭惹R],未标注,未分类,,
311,66eb6509000000000b0202b5,希望我的小狗可以早点顺利回家,未标注,未分类,,
312,66eb5d7e000000000d01d6b8,太敏感了 太拧巴了 [微笑R] 扇自己觉得超级爽 和我妈打视频边扇自己边哭 后期又后悔 我真的不想让家里人担心 大一确诊重度抑郁 回家吃了药 休学一年 初中经历的校园暴力和网络霸凌 我根本忘不掉 男生对你的嘲笑和开黄腔 导致我和别人的交往产生问题 讨好型人格 大二回来跟着新一级的 我以为我好了 结果暑假一点小事把自己扇耳鸣了 [微笑R] 等大二回来之后我朋友说我疏远她 不和我玩了 这件小事引起了我之前铺天盖地的回忆翻涌而来 现在准备回家咯 我妈问我想上学吗 我好不容易考上的大学也不能说不去就不去[微笑R]真的很痛苦 难以言说,未标注,未分类,,
313,66eaf09e0000000024012781,如果乱世能够被改变，最好不过了，但的确是很难，一个人或几个人的力量实在是太小了，全人民的觉醒或许才有一丝机会。有了网络之后，看了太多可笑的事。,未标注,未分类,,
314,66eaf01c000000000d01de1e,我接受不了,未标注,未分类,,
315,66eaef8b00000000020059f1,杨铁三万块钱还我！不还钱大家都不会好,未标注,未分类,,
316,66eae7eb0000000004030cd9,很多很多事情 不想去总结 因为改变不了什么 这地东西却又无时无刻不在脑子里  时刻提醒自己是一个不幸福的人  没有安全感不被理解不被家人心疼 每天晚上就想哭非常想死 道理都懂 经常悔恨过去 今晚怒扇了自己十几巴掌脸扇肿了就爽了,未标注,未分类,,
317,66ea8b810000000024008dfd,谢谢,未标注,未分类,,
318,66ea3bd9000000000c0148b5,对，就是因为一直复盘所以特别痛苦😣,未标注,未分类,,
319,66ea05be000000000c0161a4,能活就活 大不了一死,未标注,未分类,,
320,66e9c1e8000000000200793b,我感觉今天过不下去了，等不到天亮,未标注,未分类,,
321,66e9c1af000000000c014efc,男友虽然长的符合我审美，但作的要死，半夜失眠流泪[哭惹R],未标注,未分类,,
322,66e9bc9e000000000b023085,過去事情都煙消雲散，去年胎兒諮詢疏失，學習放過自己真難！,未标注,未分类,,
323,66e9b447000000000b023ca0,我的痛苦来源就像一个捆在我身上的定时炸弹。明明很多时候我觉得我已经可以接受它忘记它了 可是它又突然爆炸 把我拖回痛苦的原点。我真的无法解决它 好累啊。为什么一定要让我经受这一切呢。,未标注,未分类,,
324,66e9ab3c000000000c016841,家人们 我好想求助一下 我感觉已经被高中整抑郁了 这真的是每一个高中生必须经历的吗 我甚至觉得学习知识都没有这些乱七八糟的事令人难过[石化R]我真的超不想上学呀[失望R][失望R]巨讨厌班主任 上周周测他让我们不上90分的都去吊死（满分100）[微笑R]有时候在想自己如果真的自杀了他会不会受到惩罚[微笑R]他甚至在班里说自己背景很硬 在纪委有关系 劝我们别做出格的事[微笑R]宝宝们真撑不下去了刚开学就想休学[失望R],未标注,未分类,,
325,66e99ddb0000000020023352,有时候开心 有时像个神经病 喜怒无常 我怀疑人生 不想长大,未标注,未分类,,
326,66e980260000000024005f3b,爸爸今天走了 我真的不想活了[哭惹R][哭惹R],未标注,未分类,,
327,66e95a06000000000403041e,恨所有人,未标注,未分类,,
328,66e929ba0000000002005c08,都好起来[玫瑰R][玫瑰R],未标注,未分类,,
329,66e928f2000000000d01c389,我的身边没有一件好事发生，身边的一切人和事对我都是趋害的，我无能我懦弱，每天都在幻想自己能意外死亡，我期待我的命数可以很短，悄无声息离开这个世界,未标注,未分类,,
330,66e90a760000000024005e41,请所有让我不快乐的东西和人都化为乌有,未标注,未分类,,
331,66e9026a000000002400b355,根本不是我自己琢磨，总是被爸妈挑刺，很痛苦，很想死,未标注,未分类,,
332,66e8deda00000000240120d9,我老公因为意外离开了我。走不出来好难过。明明是可以避免的事故，不知道国企存在这么大的安全隐患为什么不定期排查整改[哭惹R],未标注,未分类,,
333,66e8ca04000000000b021a3e,也许这局要重来才有希望了。,未标注,未分类,,
334,66e8c624000000000d01fdff,失眠，早醒。多梦，睡不好好觉想死的❤️，,未标注,未分类,,
335,66e88a04000000000c0158fa,不会吧，不想乱七八糟的事情，只是静静待着人也会皱起来。现在的话，不熬夜感觉时间一下就消失了，熬夜又有负罪感……要说走出去，在平直的街道上行走也不知道要去哪里，会迷茫，，看不见山和远处的建筑物，会迷惑，，街上都是笃定的走来走去的人，会局促不安，，看见光鲜亮丽的人会自卑。天气热会烦躁，下雨会怕淋湿。做的事远远没有尽头，学习或者并不太喜欢做的爱好。并不知道到底什么才有趣，买的手术刀下个星期才到，这是最近唯一的盼头啦[星R],未标注,未分类,,
336,66e86837000000002400af40,💗,未标注,未分类,,
337,66e867ab0000000024012362,走出门，活下去[哭惹R]想到了出走的决心,未标注,未分类,,
338,66e85d2c000000000b022404,[哭惹R][哭惹R][哭惹R]好的,未标注,未分类,,
339,66e85cb8000000002400d841,小红书真懂我[哭惹R],未标注,未分类,,
340,66e858bf000000000c015227,每次这种时候就会疯狂复盘 我已经大学了 但会一直追溯到小学 到底是哪里走错了才会让我越来越不如意[失望R]或许每个选择都是错的,未标注,未分类,,
341,66e857000000000002004475,走出门，更会让我yy,未标注,未分类,,
342,66e8530b0000000004030203,我讨厌高中班上的人际关系[哭惹R][哭惹R][哭惹R],未标注,未分类,,
343,66e852e700000000240102ca,我在工作上被一个老妖婆折磨得抑郁了，原先我有个很好的直属领导，还在自己家所在的城市工作，后来她在我不知情的情况下把我硬要到她手底下，还要去五线城市的偏僻郊外工作，从此开启了我暗无天日的人生。我无力反抗，到最后没有机会回到原来岗位，只能一辈子待在那个破地方了，她一直pua我，天天像对待奴隶一样对我，我尝试过很多方式去解决，可无用。最后，我天天以泪洗面，控制不住眼泪，当她再一次提过分要求时我说要辞职，她一脸不可置信，周围人也不太理解。我说我 天天都有轻生的想法，之前我找了那么多保护伞好不容易撑到现在，已经精疲力尽了。现在我的保护伞都不在了，她笃定我不敢辞职，一定会更变本加厉地拿捏我。,未标注,未分类,,
344,66e84c120000000024013991,我好脆弱 任何一点事情都能把我击垮,未标注,未分类,,
345,66e829dc0000000020025fc3,从没想过长大后的生活会如此不顺 压抑 痛苦 回到家我那双双失业的父母永远在吵架 妈妈炒基金亏了几十万 被老板借钱不还 还被辞退 而更大的打击是 去年我做近视手术 眼睛被切坏了 现在就连想正常看电脑都很难 工作上也因此出了事故被单位通报批评 平时每天一睁眼看到的都是模糊重影的诡异景象 还得了角膜神经痛这种罕见后遗症 每天从早到晚全身疼痛需要长期服药缓解 从前我心情不好时还能看书刷剧 开车出去透透气来缓解 现在我却什么也做不了 我难受得快爆炸了 有什么方式可以快点过完这一生？我真的很想离开了,未标注,未分类,,
346,66e81952000000002400b69b,我知道跟他以后90％没结果，但是我还是想陪他走,未标注,未分类,,
347,66e8083f000000000c014795,在家很焦虑，出门又恐慌，我也说不完整为什么这么怕人。习惯就好了，可每一回都会失败。越来越看不清自己了,未标注,未分类,,
348,66e7eefb00000000020065f8,孩子没教育好，焦虑症惊恐症集中爆发，每天都在深渊,未标注,未分类,,
349,66e7bd0b000000000d01cb18,谢谢，被渣男伤了，很难过很难过但生活还要继续,未标注,未分类,,
350,66e779930000000024004102,抑郁发作翻来覆去一晚上睡不着被痛苦的回忆折磨，但是不敢说，上次在评论区说出来，被陌生人贴脸“幸好我过得挺幸福的，没有这些烦恼”，想亖，但是更想先送走所有从别人的痛苦中找优越感的人[再见R],未标注,未分类,,
351,66e71ebe0000000004031149,好难过，明明小时候都是相互之间不会计较那么多的，长大就会因为赡养老人吵架,未标注,未分类,,
352,66e7137100000000040306e1,看了更想哭了哈哈哈哈哈哈[黄金薯R][哭惹R],未标注,未分类,,
353,66e70c3d0000000020025b7b,我真的很痛苦，不停的思维反刍，自杀倾向越来越严重，感觉几年时光没有治愈好反而越来越严重,未标注,未分类,,
354,66e70ada000000002400d08e,越看这种鸡汤越想死,未标注,未分类,,
355,66e6fb2d00000000240062c4,特别对，前两年永远在后悔为什么当初要那样，这两年慢慢好了一些，希望可以一直好下去,未标注,未分类,,
356,66e6fa2f000000000c0154aa,没什么可伤心的，这一切都是我自己选的因果报应，厌恶自己厌恶所有的一切，好想在深山里看云，慢慢等死,未标注,未分类,,
357,66e68f9100000000240108f0,周一被突然通知撤岗，整个人都懵了，心情很复杂,未标注,未分类,,
358,66e64fa500000000240112aa,根本无法停止去推敲，复盘，每次都伤心难过，每次都刷新底线,未标注,未分类,,
359,66e62c1d00000000240090db,立刻放下手机出房门撸猫,未标注,未分类,,
360,66e5ceaf00000000020066b5,真的很难受怎么办[哭惹R]我自己无法缓解，这样的事情一件堆着一件，脑海里总是突然又涌现那些回忆,未标注,未分类,,
361,66e5895b0000000020020eef,被科三折磨的很痛苦[哭惹R],未标注,未分类,,
362,66e58452000000000c014cfd,意外死亡就好了，我现在最希望的,未标注,未分类,,
363,66e568010000000020025a73,我就是天天跟真实的人和事打交道才痛苦[doge],未标注,未分类,,
364,66e55da5000000000b020b3e,考驾照。科二科三一直被分到癫公教练，一直被骂，还一直考不过，科二挂了科三挂，挂完一次挂两次，人生没有过不去的砍儿，可我惹谁了要受这么大的磋磨，考不过带来的压抑，被骂带来的痛苦，再去练带来的压力恐惧，断断续续已经耗了一年半，我还要考研，我的时间很宝贵，都已经憔悴的暴瘦十斤了，几乎每天做噩梦梦到开车。,未标注,未分类,,
365,66e5487a0000000002007ec2,就是觉得人生没有什么意义啊。大家都觉得我过的好，觉得我现在这样很幸福了，无病无灾什么的，有工作，有点小钱，好像除了我想让自己走出去，我心不稳定，我不想困在小城市，我想出国，身边的人现在都只希望我应该早点结婚早点生孩子就好了我还有什么缺的，可是。我不快乐啊。,未标注,未分类,,
366,66e53ad8000000000d01debf,好痛苦好痛苦好痛苦，好自责好后悔好后悔,未标注,未分类,,
367,66e52457000000000f00f23e,好痛 靠止痛药,未标注,未分类,,
368,66e51a180000000002005392,快被学校开除了[石化R]遇到的灵艺事件，不知怎么被她们知道的，现在闹大了[石化R],未标注,未分类,,
369,66e4e998000000000c015511,走出去真的很重要，去大自然里而不是把自己关在房间里，情绪会放大！,未标注,未分类,,
370,66e4c3eb000000000b02383b,为了和谈了十三年多的男朋友结婚，辞掉了相当好的工作，什么准备工作都做好了，在婚礼前28天突然被冷暴力分手，本来准备进入全新的人生篇章了，结果却落了个失业又失恋的结果。为了这个人和家里对抗了十三年，也伤透了家里的心,未标注,未分类,,
371,66e4b7a8000000000200545d,只想舒舒服服的吃喝玩乐有错吗[哭惹R]，之前感觉就像一直小猪跟着爸妈好吃好喝的喂着，然后长大就要被卖掉了的感觉[哭惹R],未标注,未分类,,
372,66e4b1430000000020023088,人际关系，大一室友我好不适应 好想死 好想回家,未标注,未分类,,
373,66e477a500000000200268b8,好痛苦。。人为什么可以这么穷。。,未标注,未分类,,
374,66e47314000000000c015edd,倒也没有什么大问题 可能在年纪大点的人来看没什么 只不过就是分手了 一个人在离家很远的地方读书 和同学关系不错可总是感觉少点什么 很无聊的大学生活 感觉好迷茫 躺在宿舍床上睡不着 睁着眼睛流眼泪 感觉没法和朋友说 感觉会打扰她们 又不想和父母说怕他们担心  感觉没有办法和自己和解 没有办法接受自己的摆烂和堕落 可是真的提不起劲来 不是一个唯爱情论的人 可是就是感觉分了手没人可以倾诉了 有时候能想通 有时候又想不通 很难受 只想放空 什么也不做 或者非常忙碌 什么也做,未标注,未分类,,
375,66e47017000000000d01f724,生父走的早 昨天继父也走了 我觉得我的人生简直是一本悲剧小说,未标注,未分类,,
376,66e464b9000000000d00f20a,还好没让我停止呼吸[微笑R][微笑R][微笑R],未标注,未分类,,
377,66e44b390000000004032454,无法停止的复盘[失望R]加悔恨,未标注,未分类,,
378,66e449a20000000002005b77,我在校园霸凌的回忆里沉溺。,未标注,未分类,,
379,66e424780000000020020d33,心理压力好大啊，不知道该怎么说，现阶段一切事物都让我觉得很痛苦，我觉得我完了，不知道该怎么说，心很痛。,未标注,未分类,,
380,66e41c8d000000001503af77,好累好累，生活的各种事情全部压到我头上了，心理的也有，真的很想四,未标注,未分类,,
381,66e41a13000000000d00cdb5,至黑时刻，弟弟病重，丈夫离心，孩子高三，自己全职妈妈，没有积蓄，所有事情全部只能自己消化，想死的心都有，可是责任又还没有完成,未标注,未分类,,
382,66e3ec3b000000001503b597,我撑不下去了，想顺利谈个恋爱结婚怎么这么难，男朋友10号突然联系不上我四处打听才知道他进去了，我的天塌了，因为我根本不相信他是会做错事的人，平常他都是小心谨慎的，我一直在相信不相信之间徘徊，等他的解释，谈了两年了，说不难过是假的，我甚至pua我自己是因为我负能量气场太过强大才影响到他，我真的好想死，家里人都以为我们会结婚的，现在又算什么，我害怕回家，每次回家都怕他们问我男朋友去哪里了，我压力好大，我要崩溃了,未标注,未分类,,
383,66e3d5b8000000000f00ca2d,不要可怜自己。如果人一直可怜自己，那人生只会变成无穷无尽的噩梦,未标注,未分类,,
384,66e3c42c000000001701bea0,越想越委屈就会掉眼泪，哭的眼睛都肿了,未标注,未分类,,
385,66e35928000000000b0206b6,谢谢,未标注,未分类,,
386,66e31252000000000200673f,出来留学想死，事事不顺利,未标注,未分类,,
387,66e30885000000000c015cc6,现在觉得，除了生死，一切都不是最重要的。保佑爸爸肠胃镜结果一切正常[合十R],未标注,未分类,,
388,66e30228000000000c0162d2,认识十几年的朋友，突然在一个暑假不联系之后，完全决裂。放假前好好的，然后因为考虑到她假期准备考试没去打扰，开学之后再去想起来，就很纳闷怎么没有回我消息，就去问了。然后她指责我拿着好朋友的幌子把她当作负面情绪垃圾桶。我真的绝无此意，一直以为朋友之间就是这样互相倾诉喜怒哀乐。因为我把她当好朋友，所以说话就有点口无遮拦，老是面对不好的事情想要是她一吐为快，就造就了她这样的想法。她对我说了很伤人的话，我认识她那么多年，从来没想过她能说出这样特别伤害人的话，我每天晚上都会想起，睡不着觉，没办法集中注意力学习。我承认自己可能忽略了她的想法，可她从来没告诉我她讨厌这些。我不知道，那些话就像一根刺扎在我心里。,未标注,未分类,,
389,66e2efca000000000c015fda,16岁左右妈妈生病 抑郁症 我在糟糕的家庭环境中渡过了痛苦的10年 看透了情感关系的真谛 就是相互厌恶 妈妈生病好了之后我不断在感情里栽跟头 27岁遭受友情和爱情的巨大创伤 29岁得了焦虑症 gap一年后30岁重新上班 随时有失业可能 然后一个月前再次感情栽跟头 这一次我的痛感比之前小很多了 因为我开始渐渐有了爱自己向内求的意识 我开始明白生而为人内心即是宇宙 境随心转的根本道理 你学不会的东西你一直试图逃避的东西 没有解决之前 上天真的会让你一直摔倒脱层皮重新站起来为止 我学着接受 学着重塑 艰难 但我在30岁终于走出来这一步 我很庆幸,未标注,未分类,,
390,66e2d544000000001503bb4f,可是我没有时间，我没有时间休息，没有时间停下来，没有时间好好对待自己。如果我现在停下会落下功课，我未来的人生怎么办,未标注,未分类,,
391,66e2ae3c0000000002005c9b,最近过得好糟糕啊，暑假的时候网恋，分手还做什么体面人，送了分手礼物后才知道被无缝衔接了，好像从来不会有人爱我。投了学校的勤工助学岗位没有过，找兼职找不到。没什么朋友，想倾诉点什么，也只能说给自己听，每天都一个人吃饭、走路、上学。宿舍关系从大一刚开学就不和了，每晚想睡个好觉都睡不了，辅导员也无作为。哈哈哈哈哈哈哈哈怎么会这么倒霉啊，死倒霉蛋,未标注,未分类,,
392,66e26d75000000000b0218ed,谢谢[害羞R],未标注,未分类,,
393,66e1b8c30000000020025643,我想我的小猫了[哭惹R],未标注,未分类,,
394,66e1b575000000000f00ff21,人就活一次 希望大家不要纠结与任何负面的想法然后放不开 希望大家能多去运动运动 慢跑也行 脑子里很多想法就慢慢消失啦,未标注,未分类,,
395,66e1b1fd000000000c0169ac,甚至没有力气行动了，每一丝焦虑每一丝烦闷都化成了压在心脏上的东西,未标注,未分类,,
396,66e1a49c000000000f00f82d,这一个月来是我人生最至暗时刻，每天以泪洗面，不知道什么时候才能柳暗花明春暖花开,未标注,未分类,,
397,66e1a1b1000000000b0207fb,家族遗传得了糖尿病感觉一辈子都完了，好痛苦[哭惹R][哭惹R],未标注,未分类,,
398,66e1977100000000170199ee,小时候觉得考不上大学是天大的事，出国以后觉得找不到房子住是天大的事，研究生的时候因为一位老师的评价没被理想的学校录取是天大的事…直到最近我才发现，原来自己一直在为过去的遗憾买二次单。想想人生怎么可能是我想的这么顺利呢？放了自己的内心，向前看，才是对的。（再说一次给自己听）,未标注,未分类,,
399,66e18056000000000d01c6f1,难过难受焦灼内耗[哭惹R]，希望一切都有好结果[合十R][合十R][合十R],未标注,未分类,,
400,66e17f52000000000f00e644,很多道理是劝不了人的，世界上道理很多又有几个人不知，天命不可知，多是命运使然 为何在意， 随他去吧,未标注,未分类,,
401,66e17602000000001203dc27,有没有人夸夸我，莫名其妙被老师骂了很难过[哭惹R],未标注,未分类,,
402,66e16cfb000000000403246a,出门干嘛，不想干，什么都不想做,未标注,未分类,,
403,66e147720000000016010b22,生下来容易，活下去难。有钱人苦，没钱人也苦。每个人都有痛苦，直面痛苦，与痛苦共舞。我们本自俱足。（一个在痛苦里的我[红色心形R]）,未标注,未分类,,
404,66e132530000000004033b6d,头婚嫁二婚，想死，每天内耗,未标注,未分类,,
405,66e11cf5000000000b023fc1,我的一口烂牙拖到现在已经很难办，总是很焦虑，然后得知我前年我父母为妹妹掏出一大笔钱治她的牙，为什么我总是延后，不被想起的,未标注,未分类,,
406,66e0f8c70000000002007c09,要去坐牢了，永远放下手机，看不到外面了,未标注,未分类,,
407,66e0eb7f0000000002004750,考研好难，学校挂科老师不看好，如果考不上明天还要独自去重修[哭惹R]想想都觉得痛苦,未标注,未分类,,
408,66e0ea53000000001203c36a,很痛苦 男朋友突然提分手了,未标注,未分类,,
409,66e07004000000001203f35e,我就是会不停回忆不停自责自卑，才会内耗心病了的[失望R]这可能是性格，难改，我又长期接触不到阳光健康的朋友，[失望R]只能网上关注下类似的人，学习心态和行为模式了。,未标注,未分类,,
410,66e06e2d000000000b022045,今天是教师节 下班回家哭了一晚上 身体疼痛,未标注,未分类,,
411,66e05ac200000000040331ef,字太多 不看,未标注,未分类,,
412,66e05923000000000c0166da,我被骗了36000多块 我觉得人生没有意义了[哭惹R],未标注,未分类,,
413,66e04690000000000c01413a,不想上学,未标注,未分类,,
414,66e0056100000000020055d7,经常破财，遇到过好几次小偷，还有亲戚侵占财产，经济损失巨大，不知道为什么遇到这些事，也想不明白为什么遇到这么多小人，我明明没有伤害过别人，为什么别人要伤害我？,未标注,未分类,,
415,66e0018a000000000c017679,不要内耗 不要心生怨怼,未标注,未分类,,
416,66e0017f0000000004031217,你没错,未标注,未分类,,
417,66e0014b000000000403002e,不要悲观,未标注,未分类,,
418,66e0013f0000000002005322,生活事事有期待,未标注,未分类,,
419,66e000ab0000000002005e8c,你没错 放下 放下 不要再凝聚过多的痛苦在这件事上面,未标注,未分类,,
420,66e0002a000000000b020fb2,事已至此，来日可期,未标注,未分类,,
421,66dffb200000000016011355,外面三十多度 好想出门[哭惹R][哭惹R][哭惹R],未标注,未分类,,
422,66dff198000000000f00fc7d,原来大家都这么痛苦，真好，我不是一个人。,未标注,未分类,,
423,66dfd496000000000f00fe57,我好痛苦 每天都想死 但是我又不敢死 我怕我的亲人伤心[哭惹R]。我每天都很焦虑[哭惹R][哭惹R][哭惹R][哭惹R],未标注,未分类,,
424,66dfcc50000000000c017764,睡眠不足，很想死,未标注,未分类,,
425,66dfcb7c000000001601260c,复读一年还是一样上了个民办二本学费贵的要死，四年读下来要二十多万，专业是金融类的（自我感觉前途不是很好），教学费前几天都在想要不要读下去 （本身家庭经济不太好，连小康都算不上，父母五十多岁每天早起贪黑的工作也赚不了那么多钱）我读完大学大概会把家吃穷，然后最后几天我都在挣扎要不要上(我对上大学有期盼但又怕会读不出成绩给爸妈)所以我打算不读，我跟我爸说我不读了，然后他骂我没脑子说起码大学文凭比高中文凭好啊，大学文凭是社会的敲门砖然后让我去读书，今天去了 一进去就后悔了读了想退学回去打工 给家里赚钱，开班会都在想退学，而且哭了我也不知道怎么回事就觉得很对不起父母 我真败家,未标注,未分类,,
426,66dfb31c000000000b02020b,周六 就回去。遥。,未标注,未分类,,
427,66dfa5460000000002007fd6,事后会后悔为什么不多说点给自己争点气 但是我实在是没精力怕消耗能量 我希望我会越来越幸运,未标注,未分类,,
428,66dfa4f3000000000c0150bd,反正一比较就感觉自己是全世界最惨的 我有时候嘴笨没反应过来去怼别人 怪自己太善良了还是,未标注,未分类,,
429,66dfa4c10000000002005b98,怎么办 真的会去比较 但这次怼了亲戚 他们总是爱比较 我直接怼人生是没有可比性的,未标注,未分类,,
430,66df9fb20000000002006065,谢谢[玫瑰R],未标注,未分类,,
431,66df80c2000000000f00dc14,我真的受不了北方宿舍没法自由洗漱了[哭惹R]洗个澡要走一里路，再排半小时被蒸汽蒸，隔间还脏还难扫码，好痛苦,未标注,未分类,,
432,66df7cde000000001601158d,焦虑症是这样的[睡觉R]要了个命，根本停不下来[扯脸H][扯脸H][扯脸H],未标注,未分类,,
433,66df71360000000004031dfb,我妹高三了，身体原因家里给租了个房子让她走读，我就在这一边陪读一边准备考公。租的老房子，因为就在学校对面所以房租高，毛病还不断。马桶漏水，天然气有一个灶不能用，另一个灶还时不时打不着火[哭惹R]我妹要喝豆浆，因为五点半就要到校所以破壁机工作的时间比较早，经常提心吊胆怕吵到邻居，焦虑到破壁机还没开始工作我就醒了。还有好多好多蚂蚁！厨房不能放一点吃的，不然没一会蚂蚁就围上来了，每天做完饭得立刻打扫厨房。,未标注,未分类,,
434,66df59910000000020026fab,睡不着谁懂，心痛的整个胸腔很难受，害怕夜幕降临，白天已经分散了注意力，做了很多事，还是睡不着[哭惹R][哭惹R][哭惹R],未标注,未分类,,
435,66df42ea000000000b020d8a,我的人生过的一团糟[哭惹R][哭惹R][哭惹R],未标注,未分类,,
436,66df399a000000000f00e4a7,放下手机不可能的[笑哭R],未标注,未分类,,
437,66df0e670000000016012467,保持正念 看情绪从脑袋里飘过 停止无限思考 停止自我折磨 时间会流逝 只要不放弃自我 机会才会来临,未标注,未分类,,
438,66df0d11000000000c015a70,我真的走不出来。我不想和家人生活在一起。怎么可能。每天抬头不见低头见的我怎么躲开,未标注,未分类,,
439,66df0ccf000000001203c36d,从小到大，别人一但提问我即使是简单的问题也答不出来甚至答非所问[哭惹R]给别人的感觉就是傻子[哭惹R][哭惹R][哭惹R][哭惹R][哭惹R][哭惹R][哭惹R][哭惹R][哭惹R][哭惹R][哭惹R][哭惹R][哭惹R],未标注,未分类,,
440,66deae9c000000000d01dd07,我焦虑抑郁症，时好时坏，发作的时候是相当痛苦,未标注,未分类,,
441,66deab92000000000f00c7bf,没人爱我 所有人都要指责我，想死，想报复他们，又窝囊，没有死的勇气，刚才想到痛苦的事又呼吸不过来了。,未标注,未分类,,
442,66dea294000000000c015f98,大三喜提重修[哭惹R]感觉天塌了，每个学期都挂一科[哭惹R]暑假还被诈骗两千[哭惹R][哭惹R]我怎么这么蠢[哭惹R],未标注,未分类,,
443,66de424f000000000c0161f2,想死，没有勇气，在很多个夜晚睡不着的时候想着去找个楼跳下去一了百了，真的是个很窝囊的人,未标注,未分类,,
444,66de2e0c000000000c01626f,我要怎么活下去，我最爱的唯一的女儿走了[笑哭R][笑哭R][笑哭R][笑哭R][笑哭R],未标注,未分类,,
445,66dddc4100000000040338b5,和男朋友在一起三年 被无缝衔接了 一直问他为什么 一直不甘心 被一次一次欺骗 在大家眼里爱情好像是一个很容易走出来的东西 如果有人因为爱情而有轻生的念头 大家都会骂她 其实我已经准备好迎接这份指责了 因为我从小都被否定 直到遇到一个自己真正爱的人 结果结局却是这样 一想到他逃避着所有人只为和那个女生在一起 我就好痛 他们每天都在一起 明明以前我为了心疼他劳累根本不敢让他在外面待太久 昨天做了一个梦 梦到我们还在一起 但他喜欢别的女生了 醒来后发现确实是这样 天真的塌了 我感觉我做不到释怀 也做不到往前走 我不想说死不死的 但真的没什么念想了,未标注,未分类,,
446,66ddcdd5000000000f00d1f4,大一新生想家，好崩溃[哭惹R],未标注,未分类,,
447,66ddb58b000000000d00fb71,三千块可以去大理找到工作前不花光吗，我在这里真的快想了结自己了，网络上说的大理疗愈自我现在是我的救命稻草,未标注,未分类,,
448,66dd64830000000002006e62,为什么那么没礼貌的对我呢，老是骂我干嘛呢，我不理你不说话是因为不想闹的难堪，你却觉得我很好欺负吗，觉得我是软柿子，我讨厌你,未标注,未分类,,
449,66dd17d60000000020026914,,未标注,未分类,,
450,66dcf4870000000002007a1b,刚结束了一段稀巴烂的初恋 26了一无所有 对方比我优秀 但是人品不好 最后撕破脸很难看 我现在特别内耗[哭惹R],未标注,未分类,,
451,66dcb36c000000000c01456a,走不出去门了，住院，在病房,未标注,未分类,,
452,66dc81ef000000000b020a7b,考试挂科了，补考感觉没希望，学不会好焦虑啊,未标注,未分类,,
453,66dc817a0000000020021275,妈妈癌晚情况又不稳定了[哭惹R],未标注,未分类,,
454,66dc6f63000000000f00c834,生病了，烦,未标注,未分类,,
455,66dc696d000000000b02186c,我知道人肯定会找到工作，也知道生死之外无大事，可是我就是过的很不开心，也许大家觉得矫情但是对于现在的我来说就是很大的难关。在我以为通过自己的努力考研上岸，熬了两年终于可以毕业的时候，论文盲审挂了，导师的论文因为怕出现意识形态的舆论退稿了，我的也因为这个问题一票否决制挂了。23年9月开始在爸妈一再要求下考公，但是我就是学不会，也学不好国考省考行测成绩一次比一次差。短短一个月，延毕、0offer、0进面...我说没关系这是给我重新开始的机会，但看着身边所有的同学都找到好的工作我真的很怀疑自己，我确实也不够优秀，双非文科硕，本科二本艺术专业，没有清晰的职业规划，没有垂类的实习经历，我真的有未来吗,未标注,未分类,,
456,66dc37980000000002006576,停不下来怎么办[哭惹R]无意识的就开始了，告诉自己停下来也只管一段时间。持续了好几天，哭到没感觉了就睡，只能睡着一会，醒了又开始回忆，接着哭,未标注,未分类,,
457,66dc34d7000000001203f036,14年前家里破产了2套价值3000万的房子 14年都想不开 房子没了,未标注,未分类,,
458,66dbf2660000000020025f4c,我的妈妈昏迷二十天了一直没有苏醒，我每天难受得喘不上来气，不知道该怎么办。,未标注,未分类,,
459,66dbdd3d0000000004033120,我取保候审 谁有我惨,未标注,未分类,,
460,66db7a8f000000000d00ede7,我觉得在创伤的时候把创伤情绪释放出来才是好的，压抑自己并不好。,未标注,未分类,,
461,66db5657000000000b022d6e,从来没被爱过的人突然被爱意包裹，我不知所措，情绪是突然来的，持续的，没法形容这种情绪，像是失落遗憾心痛绝望的结合，但现实没有过分的争吵没有不堪的生活，我没法控制。内心崩溃了无数次，我不想爱任何人，我只想紧紧蜷缩存在感降到最低,未标注,未分类,,
462,66db3b770000000016010758,为什么会记错截止时间。。完全愚蠢的行为 真的没办法接受 拜托给我一次机会。。,未标注,未分类,,
463,66db34e00000000016011444,因为秋招找工作好焦虑，每一天都好焦虑好痛苦，我也想活得轻松一点，不在乎太多事情就好了，可是我想要的太多了，活得好痛苦，真的好累。。。,未标注,未分类,,
464,66db2ce9000000001503bbc4,好对不起我的小猫[哭惹R]好想好想她[哭惹R][哭惹R][哭惹R]好难受好难受[哭惹R],未标注,未分类,,
465,66db2bd10000000004033bd5,是不是只有中国人民这么不幸福[哭惹R],未标注,未分类,,
466,66db2b750000000017019429,@讨厌中介  让我们一起渡过这个令人难过的秋天吧[拥抱R][拥抱R],未标注,未分类,,
467,66db0624000000000f0043e5,希望所有人都好起来,未标注,未分类,,
468,66dafd490000000017019389,没想到好复盘的 只是对我来说唯一的改变就是我想不到任何办法去改变 轻而易举冒出来的想法就是去死（当然我不会真的去死也不敢真的去死）只是 死亡变成了事情解决的最简单的方式,未标注,未分类,,
469,66daf7ff000000000b022501,我的后背快疼死了[哭惹R],未标注,未分类,,
470,66dad56a000000000d00de61,活着好痛苦，我要碎了，为什么把我生在这个世界，渡劫吗？我快坚持不住了,未标注,未分类,,
471,66dacd88000000001203d633,好难好难，生活好难，学习好难，没钱好难😢,未标注,未分类,,
472,66dabde90000000002006ccd,老公失业，大家都很焦虑，希望能早日度过难关[玫瑰R],未标注,未分类,,
473,66da6140000000001203ccbe,我从三年疫情过来后有个新感悟，就是当我真的到了30我才明白，人生还长，20岁的时候总觉得没有明天很正常，但实际上活到27岁是一件特别容易的事，不要总活得像没有明天一样，真不至于，当你熬过去了发现也就那么平淡的过去了…如果有什么疑问或者疑虑可以跟我交流,未标注,未分类,,
474,66da5e720000000002006777,无法停止回想和姐姐相伴的最后一夜，深夜奔跑在大街上被全世界拒绝卖一件干净体面的睡衣，签病危的时候，给她穿寿衣的时候，给她化入殓妆的时候。好痛苦，我只要一想起这些，痛苦就会攥紧我的心脏,未标注,未分类,,
475,66da3a960000000002004c58,高三腰突躺了一个多月没好，在家焦虑得天天哭，我之前因为被霸凌休过一年，已经比同龄人晚一年高考了，结果我这几年各种倒霉（短短两年经历了校园霸凌 家暴五次报警 打工被欺负[捂脸R]），不管是在学校还是在家里身心健康都很差各种生病，复学失败就算了，在家好不容易开始进入学习状态了马上就会被各种病打破[哭惹R]好害怕像这样的时刻会周而复始，想不通我为什么总比身边的人要更痛苦[哭惹R]学校的同学虽然很糟糕但是老师都对我很好，很怕自己拉低学校的重本率对不起老师们[哭惹R],未标注,未分类,,
476,66d9fc2b000000000f00fedd,真的很痛苦，读研真的很痛苦，前两天刚做出来实验，转头要给我换导师。关键是发现自己有点事情和困难想不开就会睡不着内耗[哭惹R][哭惹R],未标注,未分类,,
477,66d9f65d000000000b023911,我想辞职，一天在这里老犯错。焦虑到凌晨2点都睡不着。我好想辞职啊，不想考公，不想考教资，我就是个fw，学习的边角料。好痛苦啊在这里工作，工作内容又有，又有其他人干的比我好。,未标注,未分类,,
478,66d9e787000000000d01d4d1,我快要坚持不下去了，我已经拼命地好好活着了,未标注,未分类,,
479,66d9df9f000000001503a745,太有用了 正在这个时刻 感谢你,未标注,未分类,,
480,66d9d6ec00000000200271a9,[加油R][加油R][加油R][点赞R][点赞R][点赞R],未标注,未分类,,
481,66d9be1e000000000c015f1f,说出来就好了  度过这一段艰难时间 会迎来春暖花开的时候  愿意倾听,未标注,未分类,,
482,66d9bac20000000016011ced,如何才能活的轻松呢 我什么都不喜欢什么都不要会好过些吗,未标注,未分类,,
483,66d9b48d000000002002125b,我常常想到，现在的自己看待以前觉得“死定了”的事，都是过眼云烟。就拿一些自己将来的长者心态勉励自己。,未标注,未分类,,
484,66d9b1470000000004030b8c,想死,未标注,未分类,,
485,66d9af53000000000403319b,今天才知道工作黄了。等了好几个月事情黄掉了。没有崩溃，因为人已经麻掉了，反正想着ok还没死掉,未标注,未分类,,
486,66d9957c000000000d01def9,有具体的事痛苦的事过了就过了，焦虑症才是没完没了,未标注,未分类,,
487,66d98c83000000000c017a9f,好想死。真的好想,未标注,未分类,,
488,66d97539000000002002502c,好痛苦，为什么,未标注,未分类,,
489,66d96c51000000001503b986,好及时 谢谢,未标注,未分类,,
490,66d95e63000000000f004fab,@葡萄耶耶果冻 看到这个泪目了[哭惹R][哭惹R],未标注,未分类,,
491,66d94e6600000000150393d6,今年一直很不顺，工作不顺，奶奶意外去世，我接受不了…我不知道怎么办…,未标注,未分类,,
492,66d94a33000000001203f730,抱抱所有在受苦难的人,未标注,未分类,,
493,66d945db0000000016013caf,既然结局都是死亡，过程又那么痛苦，或早或晚有什么关系呢，,未标注,未分类,,
494,66d93843000000000d01f023,退学复读了，压力挺大的[哭惹R],未标注,未分类,,
495,66d934410000000004031ee6,我不知道时间什么时候会把我治好。我要每天来记录我的心情。以后看看自己这段艰难的岁月,未标注,未分类,,
496,66d930430000000004031afa,[哭惹R],未标注,未分类,,
497,66d90dc200000000040310bf,可以想5分钟，多了就不礼貌了,未标注,未分类,,
498,66d8fc9700000000200258d1,结婚才六年感觉像过了一个世纪，似乎结婚前是上辈子的事情了，结婚后先是胎儿发育不好引产，接着是我做手术，生病，中间还一直伴随着和老公的吵架，吵的凶的时候他把家都拆了，后来被婆家知道我们经常吵架，婆家开始掺和进来，却起反作用，越吵越凶，娘家哥嫂离婚，哥二婚了，爸妈要带前嫂子生的两个孩子，现嫂子不好相处，爸妈觉得我帮不上忙也开始把我当外人，现在婆家娘家都回不去了，我还在生病中，不知道这日子什么时候到头,未标注,未分类,,
499,66d8b548000000001203c139,我没动力 没兴趣 或者就很痛苦 睡不着 吃不好 我感觉活着就是折磨,未标注,未分类,,
500,66d896780000000016013dc5,好难过，不想上班,未标注,未分类,,
501,66d87fa1000000000403181e,是不是抑郁过的人更容易应激,未标注,未分类,,
502,66d87c5a000000001503bf6d,有没有人能莫名其妙的安慰安慰我[哭惹R],未标注,未分类,,
503,66d87002000000001601307e,我是肺结核患者，刚上大一新生检查出来的，现在可能面临休学[哭惹R][哭惹R][哭惹R],未标注,未分类,,
504,66d86f270000000016012d4f,抑郁症发作加失恋 好难受啊[哭惹R]没有阿普唑仑会活不下去,未标注,未分类,,
505,66d86f220000000016012bb9,可是我走路也走不了几步,未标注,未分类,,
506,66d86ada000000000d01fc92,我想死 可是舍不得爸爸妈妈,未标注,未分类,,
507,66d85b97000000000c01526e,我的低谷期什么时候能够过去呢？[哭惹R][哭惹R],未标注,未分类,,
508,66d85a27000000000c016fa0,前几年回来老家，前两年检出了桥本甲状腺炎，这病考公考编体检没法过（这玩意儿本来就影响情绪然后情绪不好还让它更差，恶性循环），不知道何去何从。情绪总是被人影响，这半年没遇到几个好的人，要做的计划因为情绪被打断。和家里人关系也不好，没有什么朋友，很多东西也没人能理解……感觉有点轻度抑郁了，让我想一下，还是想再把之前做的各种学习计划捡起来，不想这样子了，表达也不好。不知道怎么继续下去，好想有人可以抱抱我，好想有人给我抱抱啊。,未标注,未分类,,
509,66d83513000000001503b5c6,经历的失恋，痛苦不堪,未标注,未分类,,
510,66d82ab00000000020026ff6,都说人生除了生死都是小事，我现在就经历家人的生死大事，妈妈刚查出癌症，天塌了，放下痛苦说起来太容易,未标注,未分类,,
511,66d820fd00000000020067b0,假如已经没钱吃饭了…[哭惹R][微笑R],未标注,未分类,,
512,66d7fc790000000004033a7d,前男友劈腿我的同事，我们三个一个单位，然后我原谅他了，然后他断崖分手我，我们一直纠缠藕断丝连到现在，前几天在他家看到他给相亲对象买的东西，然后他让我在家等他，他去和相亲对象吃饭，他们已经聊两个月了，从没断联过，那个女生也送了他东西，我觉得我是一个窃取别人幸福的小偷，彻底把他删了，但是我现在很难受，我真的很需要开导姐妹们,未标注,未分类,,
513,66d7f490000000001203f84f,昨天发现男朋友精神出轨了，种种原因我选择原谅他，但是两天吃不下东西[哭惹R]我是一个多爱吃的女孩子啊，就算现在饿的胃痛也感受不到了，心真的好痛。,未标注,未分类,,
514,66d7e33d0000000004030133,24届毕业生，上个月和对象分手因为冷暴力，整个暑假都在考驾照，结果科目二考两次都挂了不敢考下一次了，找工作也找不到，家里边是县城这边，因为会计专业，代理记账公司会计助理工资1k多而且对以后工作没什么帮助，找公司的会计岗位甚至是会计助理岗位都要求有两年的工作经验，相应工资也是3k出头，由于没什么工作经验也无法应聘，在家待着被父母说没用，一边催我找工作一边催我找对象，可是我现在只想过好自己，让自己先有能力变得更优秀，不想在这里待着被他们的思想潜移默化了，慢慢找工作然后嫁人生小孩……想外出工作赚钱，但没有外出的成本，现在想找个能攒点钱又对以后工作有帮助的岗位，每天非常焦虑，睡不着。,未标注,未分类,,
515,66d7ca8a000000000d00dc47,[doge]我的潜力无限，复盘也是冷静的操作,未标注,未分类,,
516,66d7bb09000000000f004de6,出门感觉所有路人过得都比我好，好像大家的生活都有条不紊的进行着，只有我一塌糊涂,未标注,未分类,,
517,66d763b90000000016010db5,道理都懂却很难安慰自己,未标注,未分类,,
518,66d7497f000000000d01e736,不想让对象被自己拖累，被迫承受她不该接受的,未标注,未分类,,
519,66d72e33000000001701afee,[哭惹R][哭惹R],未标注,未分类,,
520,66d72b35000000001503bd1e,希望妈妈更爱我，我不想承担起父母的责任照顾弟弟。我今天把头磕破了好痛，今天只吃了一顿饭好饿[哭惹R],未标注,未分类,,
521,66d729d5000000000b023873,可是现在是半夜，外面有点冷,未标注,未分类,,
522,66d70a4d000000000b02324f,烂命一条 将就活呗[笑哭R],未标注,未分类,,
523,66d70648000000000c0149eb,会好的,未标注,未分类,,
524,66d6e60f000000000f0074a0,我没有什么要抱怨的，也没什么巨大的痛苦击垮我，但我已经做好了这周末跳河的打算。现在心情很平静，我的决定不会被改变。,未标注,未分类,,
525,66d696730000000020023c5a,把自己割成红豆面包了，怎么不是一种快乐呢,未标注,未分类,,
526,66d6831a000000000c014b2d,我的小狗你快回家吧 我在外地读大学已经要碎成渣了 举目无亲,未标注,未分类,,
527,66d6754a0000000002007611,我真的好想死啊感觉只有死了所有的情绪才可以停止了,未标注,未分类,,
528,66d66b09000000000d01e045,我不想在工业园区里上学，不想进厂，不想交巨贵的水电费，不想在荒郊野岭没有路灯的地方上学[哭惹R][哭惹R][哭惹R][哭惹R]感觉抑郁了，我根本不知道我来这上学干什么，而且离郑州富士康很近，附近都是手机零件加工厂,未标注,未分类,,
529,66d63d750000000015039571,我走不了啊我真的不想上学我好想回家好想爸妈弟弟还有小狗[哭惹R]我不想上学我想回家我真的好想家人啊[哭惹R],未标注,未分类,,
530,66d62eed00000000020060dd,我的狗狗今晚意外去世了，我该如何自渡,未标注,未分类,,
531,66d61bcf000000000c017d0c,源源不断的痛苦，从白天痛苦到晚上，睡也睡不着，什么时候才能结束这样的痛苦,未标注,未分类,,
532,66d5c0aa000000000c016c90,这段话写得真好，谢谢。,未标注,未分类,,
533,66d5a6a1000000000200458d,做了不好的事情[哭惹R]一直担惊受怕,未标注,未分类,,
534,66d589ed000000002002386c,嗯嗯，停止焦虑,未标注,未分类,,
535,66d5818d000000000c015009,我失去了挚爱的妈妈，痛不欲生！读完你的文字，开始自救吧！妈妈不希望我沉溺于悲痛之中，沉溺悲伤于事无补。替妈妈完成她未完成的事儿。[拥抱R][拥抱R][拥抱R],未标注,未分类,,
536,66d56da4000000000b00e830,很痛苦，被深深伤害刺激了，不知道怎么活下去[哭惹R],未标注,未分类,,
537,66d569b3000000000b00c7ed,我想死,未标注,未分类,,
538,66d55873000000000b00e8e2,准初三生，初二下期期末考试考得差极了降了一百多名，数学成绩是整个初中大型考试最差的[哭惹R]暑假补习分批又成了最差的一批（原来我是最好的一批）本来要开学考，又因延迟开学取消了[哭惹R]开学考对我来说是个打翻身仗的好机会，这下好了，又没有了[哭惹R]开学的座位，补习分批感觉都完了[哭惹R]我好差劲[哭惹R][哭惹R],未标注,未分类,,
539,66d54a110000000020023c63,我遭遇校园霸凌好久无法释怀。大学入学不久寝室夜里，就因无心一句对面的父母的玩笑话，对方（我至今记得他长相和姓名，叫谢鹏）恶狠狠掐我脖子，持续长时间我呼吸困难。当时我没意识到他是有杀人的念头，以为只是友好地适当惩戒。后来回想，他就是觉得他高于一切，我卑微低贱，只要言语得罪就应该从世上消失。本质上打着爱父母的理由去霸凌别人，让别人以为他才是受害者，是你犯了错所以他理所当然可以来欺负你。当时没法律意识，真应该去派出所起诉他蓄意谋杀。,未标注,未分类,,
540,66d53e230000000020024709,不要内耗 不要去喂养恐惧和焦虑,未标注,未分类,,
541,66d53d39000000000a014587,我刚复盘痛苦就刷到这个！！,未标注,未分类,,
542,66d520e70000000020025dae,根本走不出去，我就是有巨大的社交问题,未标注,未分类,,
543,66d517ae000000000f00c091,烦死了，学校洗衣机用不了，一个楼层只有一台洗衣机，可是我有一大堆衣服要洗，我就是不想自己洗啊，我一自己洗衣服就会不自觉回想起所有不快乐的事，而且会让我想到我初高中集体生活的不好的回忆，那个时候我好像就老是在洗衣服，以至于我只要一洗衣服就好像回到那种被孤立被霸凌的逃脱不了的无力的灰暗时代，我就是改不了这个臭毛病啊，我宁愿花钱到外面洗衣店或者开钟点房去酒店洗衣服我都不想在学校洗，可是我爸妈因为这个事一直骂我，觉得我太娇气吃不了苦，我不是吃不了苦啊，我是真的不想再被这种坏情绪包围了，我只是在自我保护而已,未标注,未分类,,
544,66d51412000000000f00c3ac,准备大一，开学前一星期爷爷却突然不舒服住院，突发事件让整个家都很慌张，爸爸作为主要照料人员，天天医院家里来回跑，妈妈和两个姑姑也轮流照顾，妈妈和爸爸，姐姐也还要工作，看见爸爸累又帮不上什么，家里奶奶腿脚不方便，我要帮忙煮饭以及做一大堆家务，早上要早起送弟弟上学，回来就立刻帮忙送饭跑腿啥的，只有晚上稍微有一点喘息，觉得很累但必须要坚持，看着朋友圈同龄人的无忧无虑的假期，开学前几天我却期待不起来，感觉整个人都没有活力了，又怕我上学后爷爷还在住院，家里人手不够，担忧得很，多么希望自己再晚一点开学，就可以替家里再分担一点[哭惹R],未标注,未分类,,
545,66d513aa000000000d00ddde,注意力在哪能量就在哪,未标注,未分类,,
546,66d50ff0000000001203f8be,本硕（学科教学）都是最最最普通的一本，刚上一本线就可以上的那种，地域性也不强，也不是师范学校，放弃西安私立高中，上研究生，但是三年制的安排自己觉得不合理，研二下才实习，但是竟然不能回西安实习，必须在当地实习，不知道自己为啥念[哭惹R]很后悔,未标注,未分类,,
547,66d4ef37000000000d00d7df,很想她,未标注,未分类,,
548,66d4bc81000000000a017132,不想看到人,未标注,未分类,,
549,66d4bb80000000001601169b,我离婚了，把8岁的孩子给前夫一家人了，心如刀绞,未标注,未分类,,
550,66d4ae74000000000c0190ae,原本以为我能在上大学（去了外省）后过上自己自由想过的生活，可是今天去了一趟舅家，却被讲了毕业要回自己省份工作回来妈妈身边的道理（母亲辛苦独自抚养），后来越想越有道理，我这辈子大概率是摆脱不了了🥹我想留学，我想去国外生活，我想在外面赚大钱，我不想早早结婚生子安定我这一生[哭惹R]😭😭,未标注,未分类,,
551,66d49ea900000000200241c7,睡不着死活睡不着,未标注,未分类,,
552,66d49d12000000000d00da7d,总是在生病，分明已经在吃药了但还是在生病，稍微有一点压力就会有很糟糕的情绪，觉得自己是一塌糊涂的可悲烂东西。,未标注,未分类,,
553,66d47d00000000000d01fc44,真的很痛苦，心好痛😣，一想起来就痛,未标注,未分类,,
554,66d47179000000000502fb90,不敢出門,未标注,未分类,,
555,66d46197000000001503b5b5,初中抑郁症休学了现在复学有点困难，一直以为我家不算太穷，今天才知道妈妈炒股亏了二十万，欠了亲戚二十万[哭惹R][哭惹R][哭惹R]好崩溃，一直以为妈妈花钱小心谨慎的，我妈还说大部分人家里欠钱都很正常，我爸出轨嫖娼和我妈早就离婚了，我一直比较依赖信任我妈，没想到我妈也这么不可靠,未标注,未分类,,
556,66d44b16000000002002193e,父亲走了，愧疚把我淹没了,未标注,未分类,,
557,66d430970000000020027be2,@黄油卷,未标注,未分类,,
558,66d3fea1000000000c019a51,@Emily,未标注,未分类,,
559,66d3ef12000000000a015b50,我现在就是一遍一遍的复盘之前发生的事情，不停的懊悔，不停的自我责备。感觉整个人都很麻木。,未标注,未分类,,
560,66d3eee0000000000c0191b7,你怎么知道我现在正在经受巨大的心理压力，,未标注,未分类,,
561,66d3db3300000000160127cd,我在。,未标注,未分类,,
562,66d3d4a10000000020027aec,我姥姥要离开我了[可怜R][可怜R]接受不了哭到眼睛肿,未标注,未分类,,
563,66d3c6d4000000000f00d687,对的！嗯！,未标注,未分类,,
564,66d39487000000000d01e8dd,好像突然间看明白很多事情 就变得淡然了 无所谓了 想和不真心的人交心 也太可笑了,未标注,未分类,,
565,66d386c4000000000b00c630,遇到一段有物质却没有情绪价值的婚姻 无限内耗 感觉自己心里有问题了,未标注,未分类,,
566,66d37aa10000000020027003,我与婆家不共戴天了，回娘家我爸还想让我大事化小，他跟我一提我就崩溃就想发疯，我爸完全不理解我，还好我妈站我这边，我现在不知道该怎么办了，等我去上班了娃没人给我带，他们做生意不可能不挣钱，把娃丢给他家和娃分开，我又舍不得，我已经走进了个死胡同,未标注,未分类,,
567,66d365230000000020026d1e,不儿，现在凌晨2点我咋出,未标注,未分类,,
568,66d35df700000000200245f5,高考失利这个事我大学毕业都没走出来 也因为读了个野鸡学校 人生就接二连三的踩雷 学历不高找不到心仪的工作 我爸出国打工想着多赚点钱给家里买房 结果第二年确诊胃癌晚期 撑了半年痛苦离世 期间我没好好陪他 无限内疚 到今天也难以释怀 中元节去看他 好希望死的是我 我爸真的很爱活着 他一直跟我说要心胸开阔 可我从小就郁郁寡欢 大学期间确诊抑郁 吃一堆激素药 假装走出来 去年赶上失业 又复发了 当初死的是我多好 我爸开心活着 我也能爽快地迎接死亡,未标注,未分类,,
569,66d34184000000000c01bb5c,感觉毕不了业了 嗯 自己作的..,未标注,未分类,,
570,66d336700000000016010ebe,不能不想啊，不想就是逃避问题，想了心里难受，不想清楚怕以后稀里糊涂，等以后的一次无意间复盘会更加痛苦,未标注,未分类,,
571,66d331ec000000000f00ee02,很痛苦啊[哭惹R],未标注,未分类,,
572,66d32d1a000000000c01b455,请给我一个赞让丧失动力的我看一页书吧[哭惹R],未标注,未分类,,
573,66d3220f0000000015038b19,我现在已经被父母赶出家门了，没有房子住，兜里只有40块钱，朋友家也住不成，我也找不着包住的工作，那么大世界确没有我容身的家。我觉得我既可怜又可悲[哭惹R],未标注,未分类,,
574,66d31c52000000001202f540,其实我失去这份工作，我也不会完蛋吧……虽然我有重度抑郁，是去工作会更加焦虑,未标注,未分类,,
575,66d30dde000000000a01520f,我没有妈妈了,未标注,未分类,,
576,66d30150000000000a016cda,身边的人几乎都考编考公上岸，自己还一事无成，好焦虑，做个体面的人好难[笑哭R],未标注,未分类,,
577,66d2ff59000000000502c597,太痛苦太纠缠，是现在的认知高度不够，让自己先歇歇，有能量多思考点其他的事，慢慢地认知上来了，再面对那段经历，就可能有新的见解，有新的路可以走了[微笑R]加油,未标注,未分类,,
578,66d2fa2d000000000c01b7fd,因为分手哭了一下午,未标注,未分类,,
579,66d2f813000000000502ff26,新开的账号真的不会被熟人发现吗？我真的好痛苦，我想看心理医生，可是我舍不得钱，但是我感觉我快疯了，精神高度亢奋和萎靡之间反复徘徊，好痛苦，我想说我的痛苦，可是我怕被熟人发现，我怕别人看见我的狼狈[哭惹R],未标注,未分类,,
580,66d2f7b50000000020026e67,今天在家突然一直哭，很無助，到公司繳完資料出來看到有夜市，吃著東西感覺心情好一點了,未标注,未分类,,
581,66d2f41f000000000502c642,去别的市上学 想家[哭惹R],未标注,未分类,,
582,66d2f1b5000000000a015fa4,在农村 和家里人吵架只能躲房间里[笑哭R],未标注,未分类,,
583,66d2e2d4000000000c01be5f,希望我姐姐可以走出抑郁,未标注,未分类,,
584,66d2cbc3000000000c01ac80,巨大的痛苦，不停地复盘，懊悔[哭惹R][哭惹R][哭惹R]没有办法解决,未标注,未分类,,
585,66d2a3cd000000000a015b64,这些话真的很好，我相信时间会治愈所有。别人的人生轨迹停止了，但是我们的生活还在继续。,未标注,未分类,,
586,66d293270000000020022573,好汤！！！,未标注,未分类,,
587,66d287e4000000000c01ad16,"说是这么说,但是根本不控制不住自己..我都从来没想过我会有一走了之的想法...
现在人在一个陌生的城市里,没有朋友可以沟通,每天事情都憋在心里,感觉活着的确挺累.. 唉",未标注,未分类,,
588,66d27cd6000000000d01c30c,觉得人生失去了方向，不想活着了怎么办,未标注,未分类,,
589,66d27c63000000000b00e4c2,高三生被舍友针对建议换宿舍吗，事情就是我在现在的宿舍(内宿)，有两个舍友很讨厌我，总是给我找麻烦，我倒垃圾的时候故意给我多扔垃圾之类的，还在班里造谣我，搞小团体，在宿舍一听到她们说话就很烦，想转到教师宿舍(我们学校老师出租的宿舍)，这个教师宿舍有我之前的朋友，就是一学期要900块，比内宿多了500块，并且我上个学期交的内宿费也退不了，今天回家我父母可以换吗？我父母觉得太贵了没必要，还说教师宿舍没有老师管之类的，不想让我换，现在我有点内耗怎么办,未标注,未分类,,
590,66d20489000000000f0066f0,做不到,未标注,未分类,,
591,66d1ef96000000000f00de50,冲,未标注,未分类,,
592,66d1e22e0000000015039cc4,被爸妈说上大学白供我了 不知道学习 以后也是个种地的货 潜意思说我没出息 哎但他们也是爱我的[哭惹R]爱与痛交织 我真的想死,未标注,未分类,,
593,66d1dac5000000000502f6aa,谢谢啊，最近发生了一些不好的事，几乎崩溃了，我从来都没有这么这么认真思考过要不要去死，等我平复下来之后才发现，自己居然会去思考这个问题，我从前从来没有觉得自己会那么绝望那么崩溃，这让我很痛苦，我知道我的痛苦来源于身边的人，但我没办法离开他们，长期的这种压抑与精神的崩溃让我真的很不好受，我不知道天一亮我该去做什么，世界上好像也没什么值得我特别去留恋的，,未标注,未分类,,
594,66d1d7c800000000200227b9,现在上职高 然后我现在高二 高一高二都在学校旁边租房子住 我家里也不富裕 我特别伤心花很多钱 我妈说只要我能考上大专 租房三年也没什么 但是我特别怕我考不上大专 对不起我妈 我本人不自律也不知道上进 民办比公办分数线低 如果考上民办了 民办学费贵 又要花很多钱 万一大专毕业我又找不到很好的工作 那我这民办还不如不上[哭惹R],未标注,未分类,,
595,66d1d46d000000001503bd91,让我痛苦的就是做应该做的事，但是不做的时候也很痛苦，做的时候也很痛苦，不知道怎么办了,未标注,未分类,,
596,66d1d3c1000000000d00cca0,道理都懂，但是人在经历重大痛苦的时候会有应激反应的，你经历过身体上痛到动不了的时候吧，精神也是一样的，动不了，只能蜷缩在原地,未标注,未分类,,
597,66d1cb09000000000c01b7b2,躯体疼痛 胃疼到出血 头疼到裂开 好想解脱...,未标注,未分类,,
598,66d1c6f2000000000d00c0ba,除了健康都是小事,未标注,未分类,,
599,66d1c6280000000017019d24,做老师的第四年，今天确诊抑郁[哭惹R],未标注,未分类,,
600,66d19da5000000000502fb3b,自己刚检查出怀孕，结果父亲却检查出转移癌，心里的痛无法用语言来诉说，而且父亲只有我一个女儿。,未标注,未分类,,
601,66d199150000000016010758,只想要熬过去，熬，靠时间熬过去，可是已经熬两年了[哭惹R][哭惹R][哭惹R]，什么时候是个头啊,未标注,未分类,,
602,66d188bc0000000020023098,要离婚了，没了老公的工资，怕还不出房贷，想卖掉一套，可是卖不出去，搞得我跟我妈都很焦虑,未标注,未分类,,
603,66d1870c0000000015039755,钱被套住了，怎么办，下个月要还别人三万块，真的好崩溃，快撑不住了,未标注,未分类,,
604,66d182310000000020024273,"即使一个中医名气很大  如果他把脉看不出你的病的话
即使说了症状 也觉得正常的话    请你说 我看不出来或者我觉得是正常的  我可以开些可能有益的药给你  不要不负责任地  金钱至上开些牛头不对马尾的药  好吗[失望R]",未标注,未分类,,
605,66d180f6000000000a0163ae,被很多人网暴，而且热度很高。一方面是很难受被误解被各种恶意攻击，却又解释不清没人理解你的想法。一方面又很害怕被人肉开盒[哭惹R][哭惹R]真的每天都很痛苦，而且本来就有心理问题，才会网上求助却被网暴，后面也一直走不出来非常痛苦害怕[哭惹R][哭惹R],未标注,未分类,,
606,66d17eb6000000000502d346,"当树洞倾听啦！！！！！
小小温暖树洞，释放当下压力，听倾诉！
文明交流，不带颜色不带脏，纯倾听当树洞，绝不透露个人信息！需要的集合！
一．注意事项
1．文明交流，不带颜色不带脏；
2．纯倾听当树洞；
3．绝不透露个人信息
4．可能时间有冲突，需要的需提前咨询！
二．价格表（先转账，说完收款）
1．需要发泄骂人的：一小时39.9r，半小时29.9r,10分钟19.9r
2．当纯听心事树洞的（安慰你给你提供情绪价值）：一小时 34.9r，半小时24.9r,10分钟14.9r
10分钟以下，每分钟按1r算
三.
1.扣1我找你
2.聊完互删
3.可加 v",未标注,未分类,,
607,66d17d8c000000001503b261,找不到合适的工作，找了猎头的工作又怕自己不能胜任好，自己胆小又不爱说话的性格[哭惹R]，一方面想要去工作，一方面又想逃避不想去面试，怕结果是失败☹️,未标注,未分类,,
608,66d16e03000000001203e90d,“永远别向后看”-深深的体会,未标注,未分类,,
609,66d15a180000000016010297,昨天又开始内耗了，后悔以前的一些事一些决定，觉得自己处理得很幼稚，忍不住回想复盘，如果当初没有怎样怎样就好了，眼泪不自觉的流，昨晚一直想到四点多才睡，醒了又忍不住的回想，心里面很压抑，我不知道该怎么办,未标注,未分类,,
610,66d0fe30000000000c01a0e2,我的爱人的了癌症,未标注,未分类,,
611,66d0e05f000000000b00ca90,世界也应该不差我一个吧。这两年过得如履薄冰。,未标注,未分类,,
612,66d0dd7d000000000f00f3eb,好难啊，十二年前父亲去世，自此我祈求拥有一个安稳幸福圆满的家，在我以为我真的拥有了这个家的时候，我先生跪在我面前说他出轨了，心碎了，无解。,未标注,未分类,,
613,66d0cf92000000000d00de37,想知道是不是考公上岸后会更好？,未标注,未分类,,
614,66d0b5a1000000000c01ab11,因为拒绝了家里安排相亲的男的，和我妈吵架，我情绪失控用刀划伤自己，大夏天不知道怎么遮盖手上的划痕,未标注,未分类,,
615,66d0b1a00000000016010d17,最近真的好累,未标注,未分类,,
616,66d099a20000000020025408,"爸爸生病了,好后悔去年没带去体检，如果带去体检，爸爸还能陪我们好多年，都是我不够细心，每次闭上眼，都想时光能倒流[合十R][合十R][合十R]。",未标注,未分类,,
617,66d08902000000000a017852,感觉身边没有一样东西是好的 很差很复杂的原生家庭 剪不断理还乱 给我的只有阴影和创伤 从青春期起开始被长痘折磨 这么多年还在抗争中 也被毁容了 带给我的只有自卑 人际关系也很差 社交有障碍 状态是比死人多口气 所有事情都是环环相扣相互影响着 所以全烂了[微笑R][微笑R],未标注,未分类,,
618,66d06555000000000b00d6ea,人生就是一场修行，各有各的苦，每个人都有自己要经历的磨难。智者说一个人一直顺顺利利才是最不好的。经历的痛苦都是我们这辈子本该承受的。,未标注,未分类,,
619,66d05ad00000000016013966,凭什么爱而不得呢，三年的感情被断崖式分手，只能自己一个人自我内耗，分手后吃不下睡不着，每天以泪洗面，不知道自己做错了什么，最后无奈只能给他下了古，还好现在他回到了我身边,未标注,未分类,,
620,66d05963000000001503a6be,为啥我考个驾照这么难，我可崩溃,未标注,未分类,,
621,67aa223200000000190008b9,我意识到我的痛苦只有死亡能解决，但懦弱的我不会死，于是我更痛苦了,未标注,未分类,,
622,67ae0f59000000001603119f,每天都在许愿猝死或者得恶性度高的癌症发现即晚期转移的那种[合十R],未标注,未分类,,
623,67c6bf870000000017028bd5,要是我能晚上睡着再也醒不来该多好,未标注,未分类,,
624,67aa140400000000160176ea,我都想死了 家里人还跟我说我想死是因为没找对象没结婚没生孩子,未标注,未分类,,
625,67aca43c000000001c00de4a,如果可以在睡梦中离去就好了,未标注,未分类,,
626,67d31403000000001801fcaf,我准备用亚硝酸钠走了。有没有懂的聊聊,未标注,未分类,,
627,67da56d90000000018016363,最绝望的就是身体，一会这不好一会那不好，上几个还没好又来新的，真的看不到一丁点希望，老天爷要收就早点收吧，何苦这般折磨,未标注,未分类,,
628,67cd94700000000015005e14,我也准备离开了  买了无痛的药,未标注,未分类,,
629,67d160c5000000001802f3ba,想找个屋子烧炭，又担心死了别人屋里不好…,未标注,未分类,,
630,67cb057400000000150145c2,有孩子，不敢死，痛苦万分，万分后悔带他来世上受罪[哭惹R],未标注,未分类,,
631,67db9663000000001200c842,一想不开了就问自己，大概率自己七年之后还活着，那就说明这个坎过得去，能过去[哭惹R],未标注,未分类,,
632,67db052b0000000018005caf,若是猝死，或者睡一觉再也醒不过来的死，我将感恩戴德,未标注,未分类,,
633,67dad6ee00000000170399b4,有时想着，如果我的死能让世界变得美好，不再痛苦，那么我会觉得就这样死去也无所谓了，但我的死亡不会改变任何东西。想着如果我的存在能让这个世界多一丝温暖，少一丝痛苦，那我的生命也不算是毫无意义了。,未标注,未分类,,
634,67d99a5c000000001800d018,不敢自杀，我还有家人。但是我好痛苦，每一天都在应激，头痛恶心睡不醒焦虑害怕烦躁，苍天啊,未标注,未分类,,
635,67d96b5e000000001801caf4,好像没有什么特别痛苦的事，可就是不快乐，就是不管怎么努力，生活也不会变的更好，没有盼头又迷茫的未来,未标注,未分类,,
636,67d94210000000001802dba4,抑郁了,未标注,未分类,,
637,67d83fed0000000018014862,老公创业亏损负债累累，又不肯放弃，越陷越深。孩子们嗷嗷待哺。还不能死，昨夜我已经模拟死去了。活着的已不是我只是失去灵魂的肉身,未标注,未分类,,
638,67d82ecb0000000018014360,有什么吃了能醒不来的东西吗…不会痛的那种[叹气R],未标注,未分类,,
639,67d81f53000000001501435c,找不到生活的意义，活着好难受啊,未标注,未分类,,
640,67d78c51000000001702ae1f,经常觉得活着没意思，老天为啥要创造我这样没用的人，能力差，什么都不如别人，也没有斗志，也不努力！[哭惹R],未标注,未分类,,
641,67d7822e000000000f039026,我希望命运能结束对我的惩罚，放我回去，我真的很想在明年冬天之前离开这个世界,未标注,未分类,,
642,67d6ea2e0000000015002dbf,感觉什么都没有意义  好无聊 之前心心念念想出去玩到了地方之后却没有一点兴趣也开心不起来,未标注,未分类,,
643,67d66c29000000001800a3cd,刚养的小猫才三个月大，好怕我死了它只能去流浪或者饿死[哭惹R]现在只能熬着，很难受了现在，我想着能拖一天是一天吧[哭惹R]实在熬不了了就给猫找个主人我再死[哭惹R][哭惹R][哭惹R]现在真的很难受[哭惹R]我真的想出个车祸、生个大病或者癌症什么的治不好的病让我死去[哭惹R][哭惹R][哭惹R],未标注,未分类,,
644,67d5670b0000000015029945,痛苦，想著怎麼死又膽小我真沒用,未标注,未分类,,
645,67d55f40000000001501729e,评论区大家怎么都好可怜，如果你真的撑不下去，私我我转你一碗面钱[拥抱R]，都要好好的,未标注,未分类,,
646,67d52c47000000000f03a25f,我现在就是如图状态。我不能死，但生活没任何盼头和希望了,未标注,未分类,,
647,67d4fa170000000015016650,跳入岩浆,未标注,未分类,,
648,67d49eec0000000015014453,跳海,未标注,未分类,,
649,67d47ec40000000017039587,我想S，但也不想给任何人造成伤害困扰，给爸妈准备了一笔养老金反正他们本来就不爱我只是为了养老生我，给他们留钱算是两清，自S在哪里感觉都不太好啊，在出租屋怕给房东造成损失，跳lou怕怕把小区所有人的房价都打下来，我在想一个人去爬山，又怕吓到驴友，而且我老家在云南怕到时候麻烦我姐还得来外地给我收尸[笑哭R]，我太难了,未标注,未分类,,
650,67d443c3000000001802d990,身边的朋友都很努力 也都往好的方向发展 替她们高兴 但是又很难过 觉得自己一事无成 没期待 没希望 没未来 想死 感觉死了一切问题都解决了,未标注,未分类,,
651,67d3a9c1000000001702adc5,人是会郁郁而终的，抑郁时间长了身体会垮掉,未标注,未分类,,
652,67d3862b000000000f03a263,再也受不了，今年就是尽头,未标注,未分类,,
653,67d277f80000000015000e2b,别这样之前我双向情感障碍也很极端天天一根脑徘徊后来一次事故给我撞清醒了，之后天天吃药不间断跑医院太绝望了健健康康的就要有健健康康的活法活的好好的远离内耗我现在好想回到健健康康的时候做自己想做的事,未标注,未分类,,
654,67d261f4000000000f03883a,我活着没什么盼头，没死纯粹因为怕疼，觉得自己很苦了，狠不下心伤害自己，内心想死但真的面对死亡时又会有求生的本能。内心没有归属感，家里，学校，社会都有我讨厌想逃避的地方。受够了内心绝望，痛苦，挣扎，。我没钱，没工作，没能力，没经验，头脑简单，长的丑，性格不讨喜，在家不作为的爹，懦弱的妈，对我各种打压，没爱情，现在毕业了朋友也没了，从小到大活着都很痛苦，过着穷困潦倒的生活，被欺压的生活，被逼做自己不喜欢的事，现在的我不想当牛做马啦，也不想再看人脸色，只想当下享受生活，在走投无路的时候挑个日子，或者等一场意外猝死，也许死了他们会骂我，或者可惜，或者压根没谁在意我，会把我忘了，但不重要了都结束了。,未标注,未分类,,
655,67d1ff3d000000001801ef68,我去年心情还好一些，生病了去做了手术，这个病都说有复发的可能，我就等着它复发，不去治，慢慢熬死好了，今年一切都真的好崩溃,未标注,未分类,,
656,67d1afa50000000017038b0e,活着不开心死又不敢死，自残也死不了,未标注,未分类,,
657,67d1a6c200000000180056df,苍老而枯槁的灵魂早已在未长大时就已死去……眼前是一望无际的黑，看不见光亮看不清希望，我从未将任何人规划在我的未来包括我自己。多年的痛苦与煎熬使我麻木，心上的石头与看不见的未来。我能去哪呢？我迈出的每一步都是踩空！但能怎么办呢！？我还是这样有一天算一天吧，生命就是如此 痛苦也是我的全部啊、也许有天我们就都好起来了呢[红色心形R]都坚持这么多年了也不差这一年！加油哦👏生活是个小怪物👿一起打怪升级吧！！答应我一定要好好得照顾自己哦别做傻事啊[飞吻R],未标注,未分类,,
658,67d1584800000000170291d0,我希望一睡不起，像一滴雨滴落在大地上，悄无声息，但是不想让留在世上的亲人因为我离去痛苦,未标注,未分类,,
659,67d0df5c0000000015001a2c,有没有一起的,未标注,未分类,,
660,67cff4d7000000001702aa2a,有没有同ip的,未标注,未分类,,
661,67cf0e44000000001802e0d4,怎么走的快啊,未标注,未分类,,
662,67cf07830000000018010708,一起,未标注,未分类,,
663,67ceecc9000000001201521b,没盼头？我想活都活不了呢,未标注,未分类,,
664,67cec1f8000000001703b0d3,我要是不出生该多好,未标注,未分类,,
665,67ce7408000000001801c8b8,反正我觉得最爽的死法就是我正走着，突然被一个神经病人一刀砍死了，这样不会有人觉得是我的问题，甚至同情我，不失去任何东西达到目标，不过几率真的太小了，最好被砍的那一天我还特别倒霉，猝死什么的也是因为我熬夜，从背后突然的一刀，没有防备的一刀，我还没反应过来就死了。不过真的有人这么死吗能不能把这机会让给我[呃R],未标注,未分类,,
666,67ce6aeb0000000017039a9f,等一个,未标注,未分类,,
667,67cdd92e000000000f039c06,我到底要怎么面对未来 一想到活下去就得忘记以前的事情重新开始就很绝望 想快点莫名其妙死掉 找不到方法,未标注,未分类,,
668,67cdbc920000000015002a49,到底怎样可以脱离家庭，一个人生活，没钱,未标注,未分类,,
669,67cd86620000000018008549,想要心脏骤停，想要把我剩下的命给需要的人，想要猝死，非常想，真的是拜托了,未标注,未分类,,
670,67cd7957000000001802a47a,要不是还有家人，我真的找个没人的地方跳了,未标注,未分类,,
671,67cd6efe000000000f03ba76,麻木的中国人！智慧的中国人！,未标注,未分类,,
672,67cd6eea0000000015003a6b,如何看待自己在现实中知行不一致呢，如何看待现实中的痛苦呢？这些东西都等于0。所以虽然你痛，但是其实不存在。,未标注,未分类,,
673,67cd6e4c000000001703bb59,我也好想猝死。心梗或者脑梗，一下子心跳停止。解脱了。真的解脱了,未标注,未分类,,
674,67cd6e3f0000000015004826,综上所诉，自杀是一种认知偏差导致的行为，而我自认为有义务矫正认知偏差，所以我不赞同这个行为。,未标注,未分类,,
675,67cd6da3000000000f03a23c,你以为你现在活着，其实你已经死去了，你的当下过去和未来都=0，所以，自然是不必再产生个体行为去追求这个0，你的行为规划指向现实的其他事情，是资源的合理配置,未标注,未分类,,
676,67cd6d640000000015016261,所以结论就是，人都会死的，但是这件事不需要你自己动手[微笑R],未标注,未分类,,
677,67cd6d51000000000f038d95,一个更加中正的回答是，超越生死来看，自杀=活着=0。  你自己选择自杀属于你自己的一个行为程序，程序运行的结果=0。 而你的这个行为的机会成本是，作为一个活人去干其他的事，对于或者这件事本身，就是有数值的。,未标注,未分类,,
678,67cd6c680000000015007a06,假如灵魂不存在，我是不相信的[微笑R]真相只有一个，一个巨大的监控系统。那么，自杀行为可以理解为一次发泄情绪的叛逆的尝试，也可以理解为试图逃脱控制的英雄尝试。,未标注,未分类,,
679,67cd6bf6000000000f03acd9,假如灵魂存在，但并无成长这件事，那么可以理解为，自杀和活着的本质都一样，只是样式不同,未标注,未分类,,
680,67cd6bba0000000012014044,假如灵魂存在，可以理解为灵魂选择登出，进一步可以理解为灵魂学习掌控自我生命的一个里程碑的尝试,未标注,未分类,,
681,67cd6b2400000000150068ab,这项行为的本质和自然死亡或者他杀对于个体来说 其实具有相同的本质 可以理解为一个现实存在的终结,未标注,未分类,,
682,67cd6ae200000000150172f9,当你把自杀作为你的待办事项 这项行为就和其他待办有一种本质的区别,未标注,未分类,,
683,67cd6a59000000000f03040e,人有两种死法 一种是自然死亡或者他杀 一种是自己选择和执行的,未标注,未分类,,
684,67cd6a0200000000150023b6,有些认为灵魂是不断进化的，有些认为，人不存在灵魂 哪我所期待的死亡究竟是什么呢,未标注,未分类,,
685,67cd695d000000000f03bd3d,那么生和死的区别是什么？什么是死亡？灵魂是如何运作的？,未标注,未分类,,
686,67cd693d00000000150070d0,首先需要确定 我真的想死吗,未标注,未分类,,
687,67cd68840000000012016d6b,大多数人都幻想可以突然的无痛的消失就像npc 登出一样,未标注,未分类,,
688,67cd6826000000001500334f,主要是一般都不会把自杀列入计划里面[暗中观察R]操作起来就很麻烦了 当然也有冲动执行的,未标注,未分类,,
689,67cd6788000000000f038437,要死不活才是人生的常态[暗中观察R],未标注,未分类,,
690,67cd6767000000001500719b,大多数人不过就是连想死都没有行动力[暗中观察R],未标注,未分类,,
691,67cd43fe0000000015007988,有没有一起的,未标注,未分类,,
692,67cc39b00000000015017a28,遗嘱我都想好了虽然也没有什么钱，但是仅有的希望都留给家人   活着好累,未标注,未分类,,
693,67cc26b20000000018018acd,我想幸福快乐的活着，但是只能孤独抑郁的活着,未标注,未分类,,
694,67cc20710000000015017b19,我从出生就没快乐过太多日子，死在我爸妈前面还是我的福报了,未标注,未分类,,
695,67cc03470000000018028708,哎哎哎 一个考公人看到泪目了 真的是每天生不如死 [哭惹R]感觉自己的人生快完蛋了  大环境下找不到合适的工作 但是考试又没有人家卷没人家聪明 真的好难 几千公里来到广东进厂赚完钱又偷偷备考    马上要考试 万一考不上可咋整 又没工作 又给家里蒙羞了  (-_-) z我真的累了[哭惹R][哭惹R],未标注,未分类,,
696,67cbf016000000001800932e,好想死,未标注,未分类,,
697,67cbdae80000000018015551,喝了百草枯真的会死吗,未标注,未分类,,
698,67cbd7100000000017029623,所以我应该怎么办才能让自己好过一点,未标注,未分类,,
699,67cbb92b000000001702b845,什么都不要想，只想着人生这一趟不过是来体验的，让自己轻松愉快的活着，能过好一天是一天，我开心就好其他不重要,未标注,未分类,,
700,67cb65d1000000001800bac4,遇到了事故差点死了又没死，活着烂摊子一堆，感觉还不如把我撞死了痛快,未标注,未分类,,
701,67cb032d000000001800f4d1,我活不下去了[哭惹R][哭惹R],未标注,未分类,,
702,67cae532000000001802a3dd,经常会想，为什么想活都活不了，总会碰到那种意外的事故 不想活的却很安全的活到现在。,未标注,未分类,,
703,67cacd8800000000180104f7,如果能得一个癌症很快死去的那种不痛不痒的我也愿意[微笑R],未标注,未分类,,
704,67caca75000000001801d0ab,让我死了吧 真的活够了 已经没希望了,未标注,未分类,,
705,67caca4b000000001702a8f2,真的会有人特别喜欢活着吗，我好讨厌每天起床工作吃饭睡觉，出去玩也只是哄朋友开心，现在唯一的盼头就是赶紧成年去献血，献满一升就奖励自己去死,未标注,未分类,,
706,67cac969000000001802d070,怎么有这么多不想活的😫,未标注,未分类,,
707,67ca5d710000000018015531,想st但我没地方,未标注,未分类,,
708,67ca4baa0000000015000259,那该怎么办，怎么办啊,未标注,未分类,,
709,67aa223200000000190008b9,我意识到我的痛苦只有死亡能解决，但懦弱的我不会死，于是我更痛苦了,未标注,未分类,,
710,67ae0f59000000001603119f,每天都在许愿猝死或者得恶性度高的癌症发现即晚期转移的那种[合十R],未标注,未分类,,
711,67c6bf870000000017028bd5,要是我能晚上睡着再也醒不来该多好,未标注,未分类,,
712,67aa140400000000160176ea,我都想死了 家里人还跟我说我想死是因为没找对象没结婚没生孩子,未标注,未分类,,
713,67aca43c000000001c00de4a,如果可以在睡梦中离去就好了,未标注,未分类,,
714,67d31403000000001801fcaf,我准备用亚硝酸钠走了。有没有懂的聊聊,未标注,未分类,,
715,67da56d90000000018016363,最绝望的就是身体，一会这不好一会那不好，上几个还没好又来新的，真的看不到一丁点希望，老天爷要收就早点收吧，何苦这般折磨,未标注,未分类,,
716,67cd94700000000015005e14,我也准备离开了  买了无痛的药,未标注,未分类,,
717,67d160c5000000001802f3ba,想找个屋子烧炭，又担心死了别人屋里不好…,未标注,未分类,,
718,67cb057400000000150145c2,有孩子，不敢死，痛苦万分，万分后悔带他来世上受罪[哭惹R],未标注,未分类,,
719,67dc194e000000001e03bb1f,自由不了一点的感觉 身死魂灭 是否就自由了 随风而散,未标注,未分类,,
720,67dbfa830000000020013d00,有吗,未标注,未分类,,
721,67db9ea600000000150290d2,武汉来个一起的,未标注,未分类,,
722,67db9663000000001200c842,一想不开了就问自己，大概率自己七年之后还活着，那就说明这个坎过得去，能过去[哭惹R],未标注,未分类,,
723,67db90f1000000001802e585,太对了,未标注,未分类,,
724,67db052b0000000018005caf,若是猝死，或者睡一觉再也醒不过来的死，我将感恩戴德,未标注,未分类,,
725,67dad6ee00000000170399b4,有时想着，如果我的死能让世界变得美好，不再痛苦，那么我会觉得就这样死去也无所谓了，但我的死亡不会改变任何东西。想着如果我的存在能让这个世界多一丝温暖，少一丝痛苦，那我的生命也不算是毫无意义了。,未标注,未分类,,
726,67d99a5c000000001800d018,不敢自杀，我还有家人。但是我好痛苦，每一天都在应激，头痛恶心睡不醒焦虑害怕烦躁，苍天啊,未标注,未分类,,
727,67d96b5e000000001801caf4,好像没有什么特别痛苦的事，可就是不快乐，就是不管怎么努力，生活也不会变的更好，没有盼头又迷茫的未来,未标注,未分类,,
728,67d94210000000001802dba4,抑郁了,未标注,未分类,,
729,67d847c60000000015017e9a,我几乎每天都这么祈祷,未标注,未分类,,
730,67d83fed0000000018014862,老公创业亏损负债累累，又不肯放弃，越陷越深。孩子们嗷嗷待哺。还不能死，昨夜我已经模拟死去了。活着的已不是我只是失去灵魂的肉身,未标注,未分类,,
731,67d82ecb0000000018014360,有什么吃了能醒不来的东西吗…不会痛的那种[叹气R],未标注,未分类,,
732,67d81f53000000001501435c,找不到生活的意义，活着好难受啊,未标注,未分类,,
733,67d78c51000000001702ae1f,经常觉得活着没意思，老天为啥要创造我这样没用的人，能力差，什么都不如别人，也没有斗志，也不努力！[哭惹R],未标注,未分类,,
734,67d7822e000000000f039026,我希望命运能结束对我的惩罚，放我回去，我真的很想在明年冬天之前离开这个世界,未标注,未分类,,
735,67d70926000000001801185d,辽宁 有没有一起的,未标注,未分类,,
736,67d6ea2e0000000015002dbf,感觉什么都没有意义  好无聊 之前心心念念想出去玩到了地方之后却没有一点兴趣也开心不起来,未标注,未分类,,
737,67d66c29000000001800a3cd,刚养的小猫才三个月大，好怕我死了它只能去流浪或者饿死[哭惹R]现在只能熬着，很难受了现在，我想着能拖一天是一天吧[哭惹R]实在熬不了了就给猫找个主人我再死[哭惹R][哭惹R][哭惹R]现在真的很难受[哭惹R]我真的想出个车祸、生个大病或者癌症什么的治不好的病让我死去[哭惹R][哭惹R][哭惹R],未标注,未分类,,
738,67d628be0000000015006da1,我怕疼,未标注,未分类,,
739,67d5c66700000000150285e9,成都的集合,未标注,未分类,,
740,67d5670b0000000015029945,痛苦，想著怎麼死又膽小我真沒用,未标注,未分类,,
741,67d562020000000015000d15,没错,未标注,未分类,,
742,67d55f40000000001501729e,评论区大家怎么都好可怜，如果你真的撑不下去，私我我转你一碗面钱[拥抱R]，都要好好的,未标注,未分类,,
743,67d52c47000000000f03a25f,我现在就是如图状态。我不能死，但生活没任何盼头和希望了,未标注,未分类,,
744,67d4fa170000000015016650,跳入岩浆,未标注,未分类,,
745,67d49eec0000000015014453,跳海,未标注,未分类,,
746,67d47ec40000000017039587,我想S，但也不想给任何人造成伤害困扰，给爸妈准备了一笔养老金反正他们本来就不爱我只是为了养老生我，给他们留钱算是两清，自S在哪里感觉都不太好啊，在出租屋怕给房东造成损失，跳lou怕怕把小区所有人的房价都打下来，我在想一个人去爬山，又怕吓到驴友，而且我老家在云南怕到时候麻烦我姐还得来外地给我收尸[笑哭R]，我太难了,未标注,未分类,,
747,67d443c3000000001802d990,身边的朋友都很努力 也都往好的方向发展 替她们高兴 但是又很难过 觉得自己一事无成 没期待 没希望 没未来 想死 感觉死了一切问题都解决了,未标注,未分类,,
748,67d3a9c1000000001702adc5,人是会郁郁而终的，抑郁时间长了身体会垮掉,未标注,未分类,,
749,67d38ce700000000170280d3,武汉,未标注,未分类,,
750,67d3862b000000000f03a263,再也受不了，今年就是尽头,未标注,未分类,,
751,67d2c35f0000000018028dfe,是的,未标注,未分类,,
752,67d277f80000000015000e2b,别这样之前我双向情感障碍也很极端天天一根脑徘徊后来一次事故给我撞清醒了，之后天天吃药不间断跑医院太绝望了健健康康的就要有健健康康的活法活的好好的远离内耗我现在好想回到健健康康的时候做自己想做的事,未标注,未分类,,
753,67d261f4000000000f03883a,我活着没什么盼头，没死纯粹因为怕疼，觉得自己很苦了，狠不下心伤害自己，内心想死但真的面对死亡时又会有求生的本能。内心没有归属感，家里，学校，社会都有我讨厌想逃避的地方。受够了内心绝望，痛苦，挣扎，。我没钱，没工作，没能力，没经验，头脑简单，长的丑，性格不讨喜，在家不作为的爹，懦弱的妈，对我各种打压，没爱情，现在毕业了朋友也没了，从小到大活着都很痛苦，过着穷困潦倒的生活，被欺压的生活，被逼做自己不喜欢的事，现在的我不想当牛做马啦，也不想再看人脸色，只想当下享受生活，在走投无路的时候挑个日子，或者等一场意外猝死，也许死了他们会骂我，或者可惜，或者压根没谁在意我，会把我忘了，但不重要了都结束了。,未标注,未分类,,
754,67d1ff3d000000001801ef68,我去年心情还好一些，生病了去做了手术，这个病都说有复发的可能，我就等着它复发，不去治，慢慢熬死好了，今年一切都真的好崩溃,未标注,未分类,,
755,67d1afa50000000017038b0e,活着不开心死又不敢死，自残也死不了,未标注,未分类,,
756,67d1a6c200000000180056df,苍老而枯槁的灵魂早已在未长大时就已死去……眼前是一望无际的黑，看不见光亮看不清希望，我从未将任何人规划在我的未来包括我自己。多年的痛苦与煎熬使我麻木，心上的石头与看不见的未来。我能去哪呢？我迈出的每一步都是踩空！但能怎么办呢！？我还是这样有一天算一天吧，生命就是如此 痛苦也是我的全部啊、也许有天我们就都好起来了呢[红色心形R]都坚持这么多年了也不差这一年！加油哦👏生活是个小怪物👿一起打怪升级吧！！答应我一定要好好得照顾自己哦别做傻事啊[飞吻R],未标注,未分类,,
757,67d1584800000000170291d0,我希望一睡不起，像一滴雨滴落在大地上，悄无声息，但是不想让留在世上的亲人因为我离去痛苦,未标注,未分类,,
758,67d0df5c0000000015001a2c,有没有一起的,未标注,未分类,,
759,67d04b840000000018018ea6,确实是,未标注,未分类,,
760,67cff4d7000000001702aa2a,有没有同ip的,未标注,未分类,,
761,67cf0e44000000001802e0d4,怎么走的快啊,未标注,未分类,,
762,67cf07830000000018010708,一起,未标注,未分类,,
763,67ceecc9000000001201521b,没盼头？我想活都活不了呢,未标注,未分类,,
764,67cec1f8000000001703b0d3,我要是不出生该多好,未标注,未分类,,
765,67ce7408000000001801c8b8,反正我觉得最爽的死法就是我正走着，突然被一个神经病人一刀砍死了，这样不会有人觉得是我的问题，甚至同情我，不失去任何东西达到目标，不过几率真的太小了，最好被砍的那一天我还特别倒霉，猝死什么的也是因为我熬夜，从背后突然的一刀，没有防备的一刀，我还没反应过来就死了。不过真的有人这么死吗能不能把这机会让给我[呃R],未标注,未分类,,
766,67ce6aeb0000000017039a9f,等一个,未标注,未分类,,
767,67cdd92e000000000f039c06,我到底要怎么面对未来 一想到活下去就得忘记以前的事情重新开始就很绝望 想快点莫名其妙死掉 找不到方法,未标注,未分类,,
768,67cdbc920000000015002a49,到底怎样可以脱离家庭，一个人生活，没钱,未标注,未分类,,
769,67cd86620000000018008549,想要心脏骤停，想要把我剩下的命给需要的人，想要猝死，非常想，真的是拜托了,未标注,未分类,,
770,67cd7957000000001802a47a,要不是还有家人，我真的找个没人的地方跳了,未标注,未分类,,
771,67cd6efe000000000f03ba76,麻木的中国人！智慧的中国人！,未标注,未分类,,
772,67cd6eea0000000015003a6b,如何看待自己在现实中知行不一致呢，如何看待现实中的痛苦呢？这些东西都等于0。所以虽然你痛，但是其实不存在。,未标注,未分类,,
773,67cd6e4c000000001703bb59,我也好想猝死。心梗或者脑梗，一下子心跳停止。解脱了。真的解脱了,未标注,未分类,,
774,67cd6e3f0000000015004826,综上所诉，自杀是一种认知偏差导致的行为，而我自认为有义务矫正认知偏差，所以我不赞同这个行为。,未标注,未分类,,
775,67cd6da3000000000f03a23c,你以为你现在活着，其实你已经死去了，你的当下过去和未来都=0，所以，自然是不必再产生个体行为去追求这个0，你的行为规划指向现实的其他事情，是资源的合理配置,未标注,未分类,,
776,67cd6d640000000015016261,所以结论就是，人都会死的，但是这件事不需要你自己动手[微笑R],未标注,未分类,,
777,67cd6d51000000000f038d95,一个更加中正的回答是，超越生死来看，自杀=活着=0。  你自己选择自杀属于你自己的一个行为程序，程序运行的结果=0。 而你的这个行为的机会成本是，作为一个活人去干其他的事，对于或者这件事本身，就是有数值的。,未标注,未分类,,
778,67cd6c680000000015007a06,假如灵魂不存在，我是不相信的[微笑R]真相只有一个，一个巨大的监控系统。那么，自杀行为可以理解为一次发泄情绪的叛逆的尝试，也可以理解为试图逃脱控制的英雄尝试。,未标注,未分类,,
779,67cd6bf6000000000f03acd9,假如灵魂存在，但并无成长这件事，那么可以理解为，自杀和活着的本质都一样，只是样式不同,未标注,未分类,,
780,67cd6bba0000000012014044,假如灵魂存在，可以理解为灵魂选择登出，进一步可以理解为灵魂学习掌控自我生命的一个里程碑的尝试,未标注,未分类,,
781,67cd6b2400000000150068ab,这项行为的本质和自然死亡或者他杀对于个体来说 其实具有相同的本质 可以理解为一个现实存在的终结,未标注,未分类,,
782,67cd6ae200000000150172f9,当你把自杀作为你的待办事项 这项行为就和其他待办有一种本质的区别,未标注,未分类,,
783,67cd6a59000000000f03040e,人有两种死法 一种是自然死亡或者他杀 一种是自己选择和执行的,未标注,未分类,,
784,67cd6a0200000000150023b6,有些认为灵魂是不断进化的，有些认为，人不存在灵魂 哪我所期待的死亡究竟是什么呢,未标注,未分类,,
785,67cd695d000000000f03bd3d,那么生和死的区别是什么？什么是死亡？灵魂是如何运作的？,未标注,未分类,,
786,67cd693d00000000150070d0,首先需要确定 我真的想死吗,未标注,未分类,,
787,67cd68840000000012016d6b,大多数人都幻想可以突然的无痛的消失就像npc 登出一样,未标注,未分类,,
788,67cd6826000000001500334f,主要是一般都不会把自杀列入计划里面[暗中观察R]操作起来就很麻烦了 当然也有冲动执行的,未标注,未分类,,
789,67cd6788000000000f038437,要死不活才是人生的常态[暗中观察R],未标注,未分类,,
790,67cd6767000000001500719b,大多数人不过就是连想死都没有行动力[暗中观察R],未标注,未分类,,
791,67cd43fe0000000015007988,有没有一起的,未标注,未分类,,
792,67cc39b00000000015017a28,遗嘱我都想好了虽然也没有什么钱，但是仅有的希望都留给家人   活着好累,未标注,未分类,,
793,67cc26b20000000018018acd,我想幸福快乐的活着，但是只能孤独抑郁的活着,未标注,未分类,,
794,67cc20710000000015017b19,我从出生就没快乐过太多日子，死在我爸妈前面还是我的福报了,未标注,未分类,,
795,67cc03470000000018028708,哎哎哎 一个考公人看到泪目了 真的是每天生不如死 [哭惹R]感觉自己的人生快完蛋了  大环境下找不到合适的工作 但是考试又没有人家卷没人家聪明 真的好难 几千公里来到广东进厂赚完钱又偷偷备考    马上要考试 万一考不上可咋整 又没工作 又给家里蒙羞了  (-_-) z我真的累了[哭惹R][哭惹R],未标注,未分类,,
796,67cbf016000000001800932e,好想死,未标注,未分类,,
797,67cbdae80000000018015551,喝了百草枯真的会死吗,未标注,未分类,,
798,67cbd7100000000017029623,所以我应该怎么办才能让自己好过一点,未标注,未分类,,
799,67cbb92b000000001702b845,什么都不要想，只想着人生这一趟不过是来体验的，让自己轻松愉快的活着，能过好一天是一天，我开心就好其他不重要,未标注,未分类,,
800,67cb65d1000000001800bac4,遇到了事故差点死了又没死，活着烂摊子一堆，感觉还不如把我撞死了痛快,未标注,未分类,,
801,67cb032d000000001800f4d1,我活不下去了[哭惹R][哭惹R],未标注,未分类,,
802,67caecd4000000001500116a,够用,未标注,未分类,,
803,67cae532000000001802a3dd,经常会想，为什么想活都活不了，总会碰到那种意外的事故 不想活的却很安全的活到现在。,未标注,未分类,,
804,67cacd8800000000180104f7,如果能得一个癌症很快死去的那种不痛不痒的我也愿意[微笑R],未标注,未分类,,
805,67caca75000000001801d0ab,让我死了吧 真的活够了 已经没希望了,未标注,未分类,,
806,67caca4b000000001702a8f2,真的会有人特别喜欢活着吗，我好讨厌每天起床工作吃饭睡觉，出去玩也只是哄朋友开心，现在唯一的盼头就是赶紧成年去献血，献满一升就奖励自己去死,未标注,未分类,,
807,67cac969000000001802d070,怎么有这么多不想活的😫,未标注,未分类,,
808,67ca5d710000000018015531,想st但我没地方,未标注,未分类,,
809,67dc3abb000000001e023959,不用关注我这个号[笑哭R]找实习春招看这个@小樊Jasper,未标注,未分类,,
810,67dbd20a000000000f0328b1,"说几个明显的问题：
1、	创业经历不要写，很多面试官比较保守，想要的是羊，不是狼，你当过狼，谁知道你现在想踏踏实实当羊？而且有那么多一定是羊的，效率出发，没必要考虑你。
2、	排版缩进太多层级了，不符合一个优秀产品经理的审美，读着很累。
3、	具体动作不用说，直接说收益，或者你优秀的地方，所以要表现的你优秀，而不是你做了什么。
4、	说的事情越小儿科，越显得你不行，比如增加了个分类tab？这跟扫了个地差不多吧？
5、	数据一定写增幅，不然谁知道你做的牛不牛？增加商城GMV 3w？这不是QQ音乐一分钟的收入吗？增加3w有什么可写的？还是周增？

扫了一眼，看了前几行，就这些问题，其他的不赘述了。",未标注,未分类,,
811,67db77ec000000001702827b,三段大厂产品+985找不到工作？[汗颜R],未标注,未分类,,
812,67dc42c7000000001200b8d2,全是字，看着有点累,未标注,未分类,,
813,67dc41e3000000001e00eed5,不想看这种简历 字太多了[偷笑R],未标注,未分类,,
814,67dc4026000000001f01baa6,可能是硕士太多了吧产品，太卷了,未标注,未分类,,
815,67dc3f7a000000002001771e,有点乱,未标注,未分类,,
816,67dc3d670000000012021c17,这么优秀的履历一般公司接不住，如果大厂都没去成还真就最适合创业,未标注,未分类,,
817,67dc38ec000000001f0280e2,你这些效果是怎么得来的？谁统计的？,未标注,未分类,,
818,67dba863000000001802dfdb,一看到15%，20%，50%……这种整数就假得不行，有时做十多个层级的漏斗转化，每一月每一个优化动作数据都是精确到小数点，又不是半年和年度，什么烂漏斗啊能几十的优化,未标注,未分类,,